2022-08-24,411814634803.3252 ,39.134819063609385
2022-08-23,409328532754.73773,39.134819063609385
2022-08-22,411561308052.74896,39.17810724901974
2022-08-21,404427683058.52893,39.29891789137259
2022-08-20,398495445593.747  ,38.82591333451149
2022-08-19,443605883280.2863 ,39.391907068042826
2022-08-18,446328091000.7714 ,39.241041019212744
2022-08-17,456305260074.8114 ,39.21135049542074
2022-08-16,460861098183.9584 ,39.33769840780929
2022-08-15,464788463950.0793 ,39.18958152909217
2022-08-14,467467243258.1702 ,38.88474846821364
2022-08-13,466373215618.474  ,39.181814256680866
2022-08-12,457764701200.6919 ,39.34648190152338
2022-08-11,458154285245.1248 ,39.339169147362114
2022-08-10,442750581620.5904 ,39.62184132515933
2022-08-09,455236919086.9821 ,39.627669833845076
2022-08-08,442788151903.3651 ,39.5289335052346
2022-08-07,438779665941.62915,39.57282405514359
2022-08-06,445626866223.7275 ,39.67618630945918
2022-08-05,432129479219.42316,39.98541695126886
2022-08-04,436583875875.41547,40.281067793662494
2022-08-03,439370239350.928  ,39.863784573233566
2022-08-02,444117997855.53595,40.29454570651612
2022-08-01,445440596052.68146,40.414544206382295
2022-07-31,451818460495.2894 ,40.1048883404741
2022-07-30,454478933726.184  ,40.609299269084936
2022-07-29,456313934418.65015,40.6406868173385
2022-07-28,439517548089.0923 ,39.63582095553784
2022-07-27,406107496176.2406 ,40.69767951028465
2022-07-26,407101444188.0441 ,40.91044515290242
2022-07-25,431382452061.5505 ,40.683851329763854
2022-07-24,428177437463.059  ,40.720297969004754
2022-07-23,433298436622.96686,41.218221622324265
2022-07-22,442228760001.2785 ,41.78027515764135
2022-07-21,443543314928.6558 ,41.9044698540141
2022-07-20,446858962784.04565,41.50038808046242
2022-07-19,428483802676.6391 ,40.49367008197495
2022-07-18,397071284518.4225 ,40.77954436460308
2022-07-17,404641491462.40137,41.14366663992516
2022-07-16,397644755448.33026,41.822237679622546
2022-07-15,392818671166.2942 ,41.678476347033765
2022-07-14,386077812632.24634,42.16751923700991
2022-07-13,368658639147.0283 ,42.090655300824594
2022-07-12,380776276294.9229 ,42.13550488943188
2022-07-11,398072416824.8805 ,42.13792060892692
2022-07-10,411978679551.84644,42.453160193420224
2022-07-09,411970835407.4055 ,40.40013367594157
2022-07-08,412575692330.61755,43.88173575006799
2022-07-07,392112142232.3181 ,41.705223380060836
2022-07-06,384702823267.3078 ,41.84301017291794
2022-07-05,385784121577.28143,41.77595145039922
2022-07-04,368188797825.4265 ,41.54868806526715
2022-07-03,366927794223.92053,41.427100444282544
2022-07-02,367415736306.0518 ,41.69923146104899
2022-07-01,380603648793.8346 ,41.240539262430566
2022-06-30,383499543793.5983 ,42.10544687753338
2022-06-29,386387957357.0002 ,41.81969877500573
2022-06-28,395322753251.18195,41.681825749959316
2022-06-27,400989932678.50616,41.84693804496767
2022-06-26,409732480922.96246,41.370655938730685
2022-06-25,404064729997.0497 ,40.1234246270826
2022-06-24,402318025775.7865 ,42.40706561779183
2022-06-23,380851994714.0676 ,42.34971470516417
2022-06-22,394724188127.32245,42.31225257107815
2022-06-21,391892972011.491  ,42.338458718364535
2022-06-20,391464038017.213  ,42.50090277694277
2022-06-19,361276849087.77997,42.10547401628675
2022-06-18,389666471634.8481 ,42.69835699513839
2022-06-17,388801072456.04724,43.09661494188183
2022-06-16,430140942063.9329 ,43.323744254874136
2022-06-15,422014750464.1671 ,43.797057519206355
2022-06-14,428114153820.8518 ,42.52149882625714
2022-06-13,506322880475.6562 ,45.937630637009796
2022-06-12,541296228814.66644,46.05113514793532
2022-06-11,554128828043.2042 ,43.437857132435774
2022-06-10,573129971219.5625 ,44.927346400774745
2022-06-09,575358826715.6237 ,45.22839251611588
2022-06-08,592942226048.869  ,46.15951263471329
2022-06-07,597491778000.5261 ,46.11978959263911
2022-06-06,569813591188.9348 ,45.72974696832105
2022-06-05,568801832675.0531 ,45.64012167964405
2022-06-04,565494631601.3855 ,44.507535742093125
2022-06-03,579849445958.394  ,44.47030153875084
2022-06-02,567636624388.0945 ,43.94442955528691
2022-06-01,605491774827.4834 ,44.02855016476487
2022-05-31,604044722173.7988 ,43.923327215416045
2022-05-30,561219601985.9402 ,43.69106978166799
2022-05-29,552681367385.8201 ,43.53746290557293
2022-05-28,544927018411.97534,43.82914852290717
2022-05-27,555754340862.552  ,42.81627551348673
2022-05-26,562119462967.4799 ,42.532094465918185
2022-05-25,564291751828.8649 ,42.36124581435255
2022-05-24,553893962440.7654 ,43.31106401634415
2022-05-23,576347435711.9735 ,43.832765167757
2022-05-22,560026594636.8591 ,43.652641133069245
2022-05-21,555400443444.9744 ,43.75769306004113
2022-05-20,576559142493.6926 ,43.388343764131925
2022-05-19,546089208132.549  ,43.71430531093132
2022-05-18,579002232973.9702 ,43.42754265975103
2022-05-17,568227318883.8379 ,43.530020906187765
2022-05-16,595854915149.5936 ,43.59645333751732
2022-05-15,572133755866.1387 ,43.06474401635911
2022-05-14,556565913681.0073 ,43.39135002355635
2022-05-13,550889119611.6167 ,44.007856537084635
2022-05-12,551700613565.0874 ,40.338413117945045
2022-05-11,590333515186.2157 ,40.00556534624189
2022-05-10,572172472027.6384 ,40.45750139042425
2022-05-09,647646974738.8799 ,40.07025593678281
2022-05-08,675042413908.2712 ,38.91139677426732
2022-05-07,685102737355.0261 ,39.491302909420675
2022-05-06,695523302060.9302 ,40.11294778057736
2022-05-05,755134394422.1703 ,40.20829940292076
2022-05-04,717801884986.731  ,40.92919575482203
2022-05-03,732966590793.0903 ,41.65727091321167
2022-05-02,731921573311.598  ,41.53824639084815
2022-05-01,715828233964.2509 ,41.744068212651634
2022-04-30,734563056649.0806 ,41.19257214904429
2022-04-29,758314918822.9586 ,40.8543299286897
2022-04-28,746542699956.18   ,40.6788152929736
2022-04-27,725039244095.096  ,40.517072158390604
2022-04-26,769150516015.2854 ,40.54739421673816
2022-04-25,750574135025.0817 ,40.38090335767258
2022-04-24,750354895493.9265 ,39.93120871687353
2022-04-23,755264071521.588  ,40.07343509226348
2022-04-22,769917408861.3027 ,40.44659245492568
2022-04-21,786710396607.5529 ,40.443534238477724
2022-04-20,789197836179.706  ,39.75309785027771
2022-04-19,775959624400.6624 ,40.32043768290268
2022-04-18,754574095289.7593 ,40.206040807923415
2022-04-17,767943864221.5933 ,39.99174602643215
2022-04-16,771103729891.5579 ,39.53446557530119
2022-04-15,759473258666.0392 ,39.03183097752718
2022-04-14,782428697912.4816 ,39.609968260834016
2022-04-13,761993207259.5903 ,40.31594099554221
2022-04-12,751553542122.8496 ,39.76359365221127
2022-04-11,801428308341.9956 ,39.484119498902004
2022-04-10,812841636201.0852 ,39.52490437699677
2022-04-09,803257090513.228  ,39.687567426417175
2022-04-08,825806599225.2565 ,39.5909186553831
2022-04-07,820473965665.9729 ,39.99961120367599
2022-04-06,864806293874.3883 ,37.2169109088986
2022-04-05,885417026998.8667 ,39.606669883165324
2022-04-04,881995338551.8818 ,39.321992554141175
2022-04-03,870459180427.9181 ,39.22594720717772
2022-04-02,879690848340.7186 ,39.58073615152111
2022-04-01,864838911436.36   ,39.92071936972936
2022-03-31,894326465846.4854 ,40.23501043629339
2022-03-30,901430933997.483  ,41.273219448536196
2022-03-29,895440379622.8286 ,42.42078466574995
2022-03-28,889753105459.4185 ,42.38370825081
2022-03-27,845939088226.9935 ,42.034155305036165
2022-03-26,842084530722.4127 ,42.377714646949485
2022-03-25,836022112681.8087 ,41.948305757945775
2022-03-24,814689317012.5283 ,41.61554294078108
2022-03-23,804744454420.705  ,40.822302765705636
2022-03-22,778858633238.6416 ,40.53692785268955
2022-03-21,783910726777.1256 ,40.799872041191364
2022-03-20,801701064847.8368 ,41.38676338292203
2022-03-19,793269562881.2831 ,41.463503493706746
2022-03-18,777462383481.9958 ,41.723261457623266
2022-03-17,780913157304.119  ,41.97066449205526
2022-03-16,746055298821.5402 ,41.76087776047011
2022-03-15,753254461084.4081 ,42.1338870247753
2022-03-14,717298712579.0192 ,41.62274096846432
2022-03-13,736626761806.5494 ,41.72633530039483
2022-03-12,735213893425.3223 ,41.60286569533316
2022-03-11,748522465073.7814 ,41.75847129214557
2022-03-10,796278908912.357  ,40.352839863314315
2022-03-09,735292215157.0698 ,41.52690054923254
2022-03-08,721144797018.1166 ,41.62652819890049
2022-03-07,728975932612.8259 ,39.701256988443035
2022-03-06,747721257459.7606 ,40.72215894937961
2022-03-05,742943180514.347  ,41.110657110554754
2022-03-04,805716723788.402  ,41.29924147916589
2022-03-03,833405363362.3728 ,41.665483424854116
2022-03-02,843182866831.1284 ,41.838538152306164
2022-03-01,819312413493.7704 ,42.145234563816224
2022-02-28,715446738338.3921 ,41.15195851267893
2022-02-27,742402655871.2627 ,40.93109370427291
2022-02-26,744419560387.7289 ,41.042292266270465
2022-02-25,727424029773.3964 ,41.76556976223539
2022-02-24,706952263476.0752 ,41.19046058433198
2022-02-23,725626400447.3799 ,41.296418211671075
2022-02-22,702333227662.78   ,41.208500027349054
2022-02-21,728292714598.4995 ,41.210003707983184
2022-02-20,760398197115.7701 ,40.662447784377584
2022-02-19,758383872337.7562 ,40.55473135840834
2022-02-18,768620230620.6129 ,41.10212269331372
2022-02-17,832265599293.0428 ,41.36111064276318
2022-02-16,845324265827.6658 ,41.532016691509526
2022-02-15,806744916359.3407 ,41.82246921824885
2022-02-14,797693045526.8314 ,41.97018694617181
2022-02-13,800665238248.6079 ,39.29306607840444
2022-02-12,803654831550.9921 ,40.84201570849607
2022-02-11,825146606290.77   ,40.671505600400295
2022-02-10,841841081473.9688 ,40.94378876402793
2022-02-09,835450382368.3896 ,41.91417994571712
2022-02-08,831290491389.2765 ,41.54170936478306
2022-02-07,803943552983.3031 ,41.67258133360966
2022-02-06,785440095809.318  ,41.60522179392631
2022-02-05,787887350704.6453 ,41.96318738294902
2022-02-04,706501358705.8159 ,41.15334345394127
2022-02-03,699657016260.8044 ,41.17227797917405
2022-02-02,733619662273.2988 ,41.36936918003523
2022-02-01,729672897979.6793 ,41.83383621103151
2022-01-31,718215001029.8843 ,42.08447232049147
2022-01-30,723490157952.021  ,41.92126090079631
2022-01-29,715278325425.2719 ,42.09972461861959
2022-01-28,702794890407.0444 ,42.18512084224348
2022-01-27,697329293394.231  ,41.73203940879185
2022-01-26,700037532771.753  ,41.795522216509184
2022-01-25,694488649027.8073 ,41.875945152580016
2022-01-24,686853559274.7458 ,40.48310124376106
2022-01-23,664020001601.233  ,41.1991202041144
2022-01-22,691593802742.7429 ,40.551154544602966
2022-01-21,770554344991.8527 ,40.194975644415145
2022-01-20,789574722917.5856 ,39.60624631647522
2022-01-19,802471035107.9812 ,39.81504282355291
2022-01-18,799736290992.3483 ,39.39809160933473
2022-01-17,815802117092.2112 ,39.04350335076314
2022-01-16,816088720746.1432 ,39.22514165683039
2022-01-15,815601257784.1648 ,39.38487511242782
2022-01-14,805439225664.8766 ,39.64696878691109
2022-01-13,831092823113.4902 ,39.860547266491196
2022-01-12,809089359176.9801 ,40.32846903812195
2022-01-11,791877164734.3219 ,40.950612878959596
2022-01-10,792251137326.1252 ,40.32193555806419
2022-01-09,789120343767.8073 ,40.68219877435481
2022-01-08,786307543936.8168 ,39.994866129729935
2022-01-07,815793870335.9976 ,38.78443945226359
2022-01-06,822149967635.7725 ,39.32403707203299
2022-01-05,867343714193.4033 ,39.34687335944053
2022-01-04,878369403071.7032 ,39.54211161160426
2022-01-03,895373351244.1455 ,37.55911307844989
2022-01-02,903071002777.1117 ,38.14736930925607
2022-01-01,873686222803.13   ,37.94135918267769
2021-12-31,891641613346.9657 ,38.20468251423954
2021-12-30,878080851989.5676 ,38.25689716457834
2021-12-29,899812483396.3638 ,38.098791166031894
2021-12-28,958775686363.7617 ,38.249969047134904
2021-12-27,961041347120.1328 ,38.19925947552957
2021-12-26,953468752395.488  ,38.201976258908985
2021-12-25,960599149837.3358 ,38.71730141720891
2021-12-24,960842680300.2849 ,38.38806988342758
2021-12-23,919131301429.8821 ,38.31112041156074
2021-12-22,924882998092.9148 ,38.616168762148845
2021-12-21,886700117281.6326 ,38.33609069261415
2021-12-20,882853779027.2357 ,38.386584857194684
2021-12-19,885747730519.4418 ,38.34301078295062
2021-12-18,872374997279.4833 ,38.54287523167035
2021-12-17,900776535605.8518 ,38.927489805406516
2021-12-16,923974863992.4088 ,39.13169111802476
2021-12-15,914625972690.2896 ,39.889094100830775
2021-12-14,883607172534.7747 ,39.658323098481354
2021-12-13,946870070610.4164 ,39.21015932096188
2021-12-12,932850082860.8726 ,39.144996450718104
2021-12-11,891354328562.75   ,39.041567330132764
2021-12-10,900679070561.2471 ,38.15836603691166
2021-12-09,954572952929.6954 ,37.8694381996995
2021-12-08,956810179951.3408 ,38.53806822604326
2021-12-07,955954363447.0396 ,38.434913698788684
2021-12-06,933812857908.4767 ,38.62959473065218
2021-12-05,930180129745.157  ,38.26689668846123
2021-12-04,1012067640391.9832,39.44284151892293
2021-12-03,1067919074060.5145,39.63975614944439
2021-12-02,1081019352694.854 ,40.93998470596638
2021-12-01,1077022666216.402 ,40.8675932074251
2021-11-30,1092188401734.2767,41.606610336270684
2021-11-29,1081473892267.2135,41.98287045638933
2021-11-28,1034681195286.5709,41.569629894457236
2021-11-27,1013292949507.8489,41.54371336325463
2021-11-26,1113419479141.8958,41.51245381961485
2021-11-25,1079759407289.9393,41.76503368709175
2021-11-24,1086892085641.9493,41.51129398082768
2021-11-23,1062842440007.1914,41.906266167759995
2021-11-22,1109195167807.264 ,37.75089217548942
2021-11-21,1128015173943.2144,38.391421491700584
2021-11-20,1097301858183.7076,37.34610944451506
2021-11-19,1075233638327.5132,36.59502882996179
2021-11-18,1139703594859.1147,38.78923093994239
2021-11-17,1134822280515.6384,38.623097894285934
2021-11-16,1199773132630.647 ,40.833667040333545
2021-11-15,1235945611141.9714,42.064778909221985
2021-11-14,1215448857941.8755,41.367182361326726
2021-11-13,1211750576858.9019,41.241313249695104
2021-11-12,1224170311571.8286,41.66401259026539
2021-11-11,1226462003250.8916,41.74200914847868
2021-11-10,1263110052711.8223,42.98930683223671
2021-11-09,1274746950619.3896,43.38536272115137
2021-11-08,1194941000777.403 ,40.66920789566366
2021-11-07,1160245387424.4802,39.48836037967786
2021-11-06,1151481893559.0945,39.1900993327543
2021-11-05,1159516894458.6711,40.5609319038426
2021-11-04,1187643999692.7656,40.38582786747812
2021-11-03,1193659427280.0273,40.87213950301031
2021-11-02,1150256542515.104 ,40.893351246574035
2021-11-01,1157636506667.2751,44.01423734772059
2021-10-31,1167669311752.986 ,42.362986088533496
2021-10-30,1175063146862.9702,42.580494524837974
2021-10-29,1143511355958.6206,42.84550366948461
2021-10-28,1103082680127.4226,43.74544410722614
2021-10-27,1138225781542.6987,43.53719011984068
2021-10-26,1189697095274.991 ,44.52368082348769
2021-10-25,1148423425871.2046,44.33413506338175
2021-10-24,1156704816777.9727,44.24144056696245
2021-10-23,1144529763830.2827,44.74583236701141
2021-10-22,1172840445639.2666,45.174695808979976
2021-10-21,1242668575681.1123,46.16578043671174
2021-10-20,1211939516609.446 ,46.56858296694305
2021-10-19,1169400478201.5588,47.255066345854
2021-10-18,1160062490528.9202,45.555978320215125
2021-10-17,1147970238725.886 ,45.25217860092074
2021-10-16,1161814182973.8062,45.0662761604637
2021-10-15,1080530015250.583 ,44.20296924734959
2021-10-14,1081843116863.3209,45.76401716897148
2021-10-13,1056145195748.7174,46.309938576845745
2021-10-12,1083517682031.86  ,46.92237535016143
2021-10-11,1031176263108.5626,46.18400056054823
2021-10-10,1035971126453.0082,44.061816875877945
2021-10-09,1016972641665.3441,43.93222769932678
2021-10-08,1015171815782.8167,43.98706716398994
2021-10-07,1042425930445.377 ,45.899115218395266
2021-10-06,970514741747.1167 ,44.214166706264976
2021-10-05,927668372713.7096 ,43.825668820121635
2021-10-04,908379024041.6405 ,43.11339725387753
2021-10-03,906257176366.1733 ,41.94022745134352
2021-10-02,907034055654.6046 ,42.646734146525894
2021-10-01,824890759728.3622 ,43.45037263390533
2021-09-30,782897611048.2972 ,43.1458663885157
2021-09-29,784474664317.7946 ,43.44817931088098
2021-09-28,811120885231.5848 ,43.38176937238419
2021-09-27,813110563039.2369 ,41.775877884679964
2021-09-26,803959376873.3905 ,41.62722904210107
2021-09-25,806915886111.3164 ,41.31449655229832
2021-09-24,845319795529.6283 ,41.06212148627653
2021-09-23,820422949350.0641 ,40.7876973770264
2021-09-22,766779938864.0012 ,43.443630617701395
2021-09-21,806672886180.7128 ,41.62092103149988
2021-09-20,889576207958.3323 ,42.96683803658568
2021-09-19,903246198144.658  ,41.24671107421281
2021-09-18,890155462050.5521 ,40.75016115013607
2021-09-17,899333744079.7238 ,40.34696292982562
2021-09-16,906814236888.2235 ,39.96561808349098
2021-09-15,886555837814.2659 ,41.86260871431728
2021-09-14,846039660487.9895 ,41.424263812645094
2021-09-13,866617520401.8715 ,39.07106907477137
2021-09-12,850574987016.8685 ,39.675038851373714
2021-09-11,844072284079.5713 ,40.07624220190415
2021-09-10,873064114947.6368 ,39.88946645049712
2021-09-09,871213068381.4476 ,41.5661010240051
2021-09-08,880744467967.6189 ,40.614528696978525
2021-09-07,990923480509.3326 ,45.17841157786589
2021-09-06,974265482199.1934 ,42.88123949943923
2021-09-05,939599398338.4996 ,44.575669485265536
2021-09-04,941874238929.9232 ,42.66281377746583
2021-09-03,935309457617.1372 ,43.219232443378644
2021-09-02,918759224383.6782 ,45.20714726857176
2021-09-01,884199596232.1239 ,45.85550041264423
2021-08-31,884589072158.1819 ,49.10087701845037
2021-08-30,918514106329.546  ,49.90986343515533
2021-08-29,919722588787.9965 ,47.51737222490587
2021-08-28,922863473132.6665 ,47.304078946475215
2021-08-27,881980905717.6575 ,50.382080122429436
2021-08-26,920894126971.158  ,42.35205718055097
2021-08-25,897457802354.2864 ,43.95789071942257
2021-08-24,931072251172.0046 ,41.56617090227127
2021-08-23,927155595075.7971 ,41.93348040811248
2021-08-22,919109431283.3584 ,39.713787402958204
2021-08-21,927331484120.935  ,44.03090675582693
2021-08-20,878758626311.8611 ,41.72460419878309
2021-08-19,842160325432.9464 ,42.00390932229998
2021-08-18,839737149601.9795 ,42.33167242231377
2021-08-17,866433658259.7695 ,41.79736154353349
2021-08-16,884411802847.9114 ,41.80696687782249
2021-08-15,885238159224.6548 ,42.50497906699082
2021-08-14,898742899448.6525 ,42.90874740719898
2021-08-13,831854497791.9047 ,42.87243973396607
2021-08-12,862430793733.6306 ,43.15074385051952
2021-08-11,857183047810.9436 ,43.911235338931434
2021-08-10,871736828268.3975 ,44.77083796939175
2021-08-09,830593905795.4446 ,44.67354408059019
2021-08-08,836982800160.1611 ,43.78689895491735
2021-08-07,805240158123.6323 ,44.08415320331046
2021-08-06,768015445251.9672 ,43.583363067633826
2021-08-05,746658102592.7731 ,43.468061145542634
2021-08-04,716303879794.8777 ,43.892719612803134
2021-08-03,735358428152.9547 ,44.085361141384354
2021-08-02,750829249039.4666 ,44.34418148117753
2021-08-01,780529201888.4482 ,45.56356638705997
2021-07-31,793644153719.9229 ,46.5462078393621
2021-07-30,751362939652.324  ,45.91704981958021
2021-07-29,751075973945.9899 ,46.39319328467539
2021-07-28,740983944838.4194 ,46.21697282057379
2021-07-27,700822811245.4525 ,45.461525519825685
2021-07-26,664077711168.1759 ,44.44335558650305
2021-07-25,643935091208.1921 ,44.03693529197589
2021-07-24,630555030435.3851 ,44.02942096941738
2021-07-23,604225042707.809  ,43.690611755477754
2021-07-22,602579665402.1105 ,44.18064136758565
2021-07-21,559198124794.8047 ,44.434416017765706
2021-07-20,579338350539.2708 ,44.33095914917681
2021-07-19,596547539825.4535 ,43.42092191831101
2021-07-18,591722171239.522  ,43.81511735648552
2021-07-17,589462353484.3037 ,43.89056241930361
2021-07-16,595904793130.2229 ,43.29413250253775
2021-07-15,616502963800.7533 ,43.43536494005148
2021-07-14,614217826679.3768 ,43.307693745737325
2021-07-13,621869551450.9774 ,42.78594065925044
2021-07-12,642165451630.7203 ,42.69944619617364
2021-07-11,628805913210.2753 ,42.446928240062284
2021-07-10,633979957326.2946 ,42.41332974618408
2021-07-09,616732475847.641  ,42.13268732748621
2021-07-08,638692805130.2742 ,41.535543350464486
2021-07-07,641998972482.8387 ,41.54683636622547
2021-07-06,631805283909.7736 ,45.107958801763104
2021-07-05,661741371371.9933 ,42.151925098882806
2021-07-04,650174227889.0072 ,45.5695521173608
2021-07-03,634002462363.3646 ,42.316664484066855
2021-07-02,629304873639.9885 ,45.699022157926436
2021-07-01,656834155181.2811 ,45.45336549028251
2021-06-30,672541661664.2583 ,46.572915096751956
2021-06-29,646319336422.2017 ,42.91564893048423
2021-06-28,650948805927.6382 ,47.32314142347149
2021-06-27,603335482461.8037 ,42.895137240193144
2021-06-26,593010263435.477  ,42.53508844880355
2021-06-25,650072660672.49   ,41.94100909274063
2021-06-24,630951987459.288  ,46.88499369667542
2021-06-23,609096137902.4186 ,47.639765817962854
2021-06-22,594007598967.2546 ,46.62211158755188
2021-06-21,667455660054.9503 ,44.83932713197268
2021-06-20,666433442953.8195 ,45.33214323737203
2021-06-19,669244617781.6619 ,44.979035736075446
2021-06-18,712896090586.9725 ,45.2901379771509
2021-06-17,718642460416.1085 ,45.57309956511825
2021-06-16,752410224043.0526 ,45.50766442441871
2021-06-15,766161924008.4327 ,45.53792803341747
2021-06-14,731308638761.4556 ,45.129313077934576
2021-06-13,665819797409.8646 ,44.15398581777853
2021-06-12,699378505939.8303 ,45.25185750858865
2021-06-11,687522823250.2651 ,43.77618529849512
2021-06-10,699600905892.8885 ,43.028683370546
2021-06-09,626864536938.427  ,41.28457986002346
2021-06-08,628940067373.3239 ,41.12762567926972
2021-06-07,671452953304.46   ,41.07508172847046
2021-06-06,667352079575.755  ,41.414325422649014
2021-06-05,690905836003.6619 ,41.739816899609046
2021-06-04,734476751670.711  ,41.703988866832766
2021-06-03,703635551603.7903 ,41.78578123774622
2021-06-02,687137766943.807  ,42.16374053733791
2021-06-01,698638446746.9104 ,42.28067911518188
2021-05-31,667842401221.654  ,43.46346529400878
2021-05-30,648817804839.6045 ,43.819504902405164
2021-05-29,669898176960.1931 ,43.299064799644775
2021-05-28,719463032647.2422 ,42.767117068567785
2021-05-27,735996428466.7347 ,42.251879996579504
2021-05-26,718606254264.1699 ,43.3615684854762
2021-05-25,725034117693.3718 ,43.68603665169106
2021-05-24,652384601709.067  ,46.0944574604186
2021-05-23,702355077659.2662 ,45.420349046059606
2021-05-22,698900525606.1292 ,43.810486556661985
2021-05-21,764977437932.531  ,42.814912645773084
2021-05-20,692498871988.3484 ,44.05537238518734
2021-05-19,805438695567.2554 ,39.60845660515891
2021-05-18,818150708031.472  ,40.63070117027263
2021-05-17,869912978750.0177 ,40.47733311105284
2021-05-16,878841602739.866  ,40.721732623564094
2021-05-15,934095321798.2565 ,40.51594995093144
2021-05-14,932478230308.8998 ,42.3938162377887
2021-05-13,911428982746.2341 ,42.655705374919435
2021-05-12,1062179026991.335 ,43.322476961188336
2021-05-11,1048799057153.1948,44.56554152962202
2021-05-10,1090919297965.5732,44.295978168140564
2021-05-09,1101277912412.0806,44.66526886939966
2021-05-08,1073609399237.808 ,44.96609114358561
2021-05-07,1055802460382.8334,44.60028829832411
2021-05-06,1075677963411.0728,45.06507501000546
2021-05-05,997470461926.1603 ,45.72345457774791
2021-05-04,1070031172023.6251,46.4258641469778
2021-05-03,1058739112259.128 ,47.95122361458247
2021-05-02,1081794682841.3682,48.3224874454559
2021-05-01,1080409893228.8092,49.159255193085244
2021-04-30,1002244855854.4846,48.33208467910065
2021-04-29,1026430896845.8452,49.02950515358545
2021-04-28,1031535581713.1418,49.428785401481804
2021-04-27,1010387292369.3353,50.14658339204218
2021-04-26,919012391892.2502 ,50.29186622979735
2021-04-25,937049087281.9164 ,51.32681380429177
2021-04-24,958700400295.5758 ,50.535646339283
2021-04-23,967156125980.5715 ,50.612775032025716
2021-04-22,1010640850400.7665,50.73392065710391
2021-04-21,1057630669890.8718,51.21926411775927
2021-04-20,1041968816020.9958,51.81935540626409
2021-04-19,1053688275422.5808,51.38044242040776
2021-04-18,1123421000270.6758,51.87940926532552
2021-04-17,1148682002644.684 ,51.64330210689723
2021-04-16,1182915348110.3147,52.58813103918692
2021-04-15,1179875477309.052 ,53.407674936734466
2021-04-14,1189029852151.673 ,54.43474686286904
2021-04-13,1118653055955.5315,54.38204936838131
2021-04-12,1122899903949.578 ,54.84559180977402
2021-04-11,1116205501456.2085,55.143716583667384
2021-04-10,1085832924061.3982,55.3914211657558
2021-04-09,1085490795421.8076,55.59801906803951
2021-04-08,1045401020582.6031,56.20915309877929
2021-04-07,1083627192359.4069,55.404508099032434
2021-04-06,1102536591889.168 ,56.2100549862399
2021-04-05,1087430150475.4358,56.752829092228836
2021-04-04,1065265114829.1581,57.650815012647904
2021-04-03,1101958540210.5112,57.30962629377686
2021-04-02,1100028374273.7493,58.309569124656925
2021-04-01,1099293664493.5897,58.91126803912132
2021-03-31,1097432778973.0923,59.398434762524516
2021-03-30,1076414581519.3754,59.4206744623353
2021-03-29,1041028554837.0193,59.775282307232786
2021-03-28,1043104177053.5432,59.84956649198006
2021-03-27,1028699937558.711 ,59.68456355676637
2021-03-26,960079410774.5387 ,59.888972941692835
2021-03-25,978529423973.7919 ,60.35220937680199
2021-03-24,1016521617957.3884,59.96270743517659
2021-03-23,1011957658878.025 ,59.8174699012456
2021-03-22,1071095744256.6506,60.226062377836406
2021-03-21,1083742133858.4946,60.231493817423875
2021-03-20,1084757269370.8761,60.130416055713745
2021-03-19,1075859083441.133 ,60.61430250316898
2021-03-18,1099932261467.0193,60.91250376991105
2021-03-17,1062084251705.7063,60.567321798598385
2021-03-16,1040029157105.5957,60.8927044955885
2021-03-15,1102795925449.393 ,61.90861751948844
2021-03-14,1143203945048.5386,62.12872751487319
2021-03-13,1067469811284.3102,61.71680701955126
2021-03-12,1078413096193.265 ,61.41576471963727
2021-03-11,1045520305352.431 ,61.01121604001627
2021-03-10,1024442391112.3973,59.99468294591224
2021-03-09,976087441727.8893 ,59.67854925809316
2021-03-08,950735330345.1134 ,60.03889844429765
2021-03-07,911739414160.2864 ,60.21810147589296
2021-03-06,911418878567.0946 ,60.503444431515675
2021-03-05,903935583491.2206 ,60.66146823361586
2021-03-04,940937652794.66   ,60.83334532079667
2021-03-03,902193215563.2284 ,60.70723102858115
2021-03-02,925558008275.646  ,60.6668000446176
2021-03-01,842352632938.6005 ,60.66081369050274
2021-02-28,860388522919.8258 ,60.61294615427501
2021-02-27,863685663969.0973 ,60.92963858361038
2021-02-26,873459178196.1034 ,61.220925964645325
2021-02-25,927413221437.4546 ,61.152188048564746
2021-02-24,911879425206.8276 ,61.655787648380894
2021-02-23,1009041592071.6136,61.27586230599585
2021-02-22,1071223700233.4211,61.33156688150057
2021-02-21,1044095384321.8234,61.40466048582398
2021-02-20,1042239457399.3009,60.86015370920757
2021-02-19,962040781283.2354 ,60.60281945691976
2021-02-18,972178445231.4651 ,61.604914876677284
2021-02-17,917738827023.6504 ,61.41971290488705
2021-02-16,893825565328.5516 ,60.86444814888135
2021-02-15,907678755088.7299 ,60.86449912739787
2021-02-14,879329448270.5045 ,59.5597302471563
2021-02-13,884469363973.4703 ,60.00811758795406
2021-02-12,898135849144.2053 ,61.6696816403825
2021-02-11,836880007717.0295 ,60.86389928684697
2021-02-10,867620407265.984  ,62.36255092910592
2021-02-09,866658559616.2749 ,63.33283925985994
2021-02-08,723967893064.4028 ,60.97465266998831
2021-02-07,732115344045.5002 ,61.18303316905761
2021-02-06,714104975147.7598 ,60.28824100914153
2021-02-05,689043364910.3394 ,61.184377035187374
2021-02-04,701826773608.5817 ,61.424228334236155
2021-02-03,661482686455.0813 ,61.86761027759008
2021-02-02,625068623592.2891 ,61.87766964984069
2021-02-01,616697441928.3058 ,62.247465453322306
2021-01-31,638916842232.1045 ,62.70450585327286
2021-01-30,639154926341.1796 ,63.21458319574958
2021-01-29,622327467178.0621 ,63.23298594058576
2021-01-28,566197051759.803  ,62.845159530656304
2021-01-27,606030779761.2645 ,62.84465652284459
2021-01-26,600762597488.9243 ,63.16113248592473
2021-01-25,601124031677.6377 ,62.24590497403454
2021-01-24,597625759467.34   ,63.59483892579224
2021-01-23,614856984550.817  ,64.42183361709345
2021-01-22,572247220922.8796 ,64.62966887630562
2021-01-21,660955880290.5472 ,64.41037997574902
2021-01-20,669834060525.891  ,65.02722294995765
2021-01-19,681595781567.7825 ,65.92495085707881
2021-01-18,666596934787.8274 ,66.00004544317
2021-01-17,670744064353.2184 ,66.43849839499512
2021-01-16,686427813637.2441 ,67.9121999382327
2021-01-15,730629661258.288  ,68.68960169697851
2021-01-14,695456378539.4954 ,69.18107495937053
2021-01-13,633617114550.5388 ,68.4983222831633
2021-01-12,661224688732.7003 ,68.96125694370065
2021-01-11,710214317092.9554 ,68.04669949429542
2021-01-10,748407617420.4421 ,68.72963587244136
2021-01-09,756467292312.7554 ,70.21108059115943
2021-01-08,733653754174.4945 ,69.45182189885138
2021-01-07,686169214566.9512 ,68.13143232590859
2021-01-06,632551108331.3728 ,68.41299197931798
2021-01-05,594839262873.385  ,68.01475510076612
2021-01-04,613330554533.1409 ,69.35394272056004
2021-01-03,598977295437.4559 ,71.5359386798327
2021-01-02,546604959861.5702 ,70.82494555252931
2021-01-01,538548221613.55145,70.09194751874767
2020-12-31,537229005907.40125,70.11247866828296
2020-12-30,508753096859.012  ,69.13451266078908
2020-12-29,502648201609.0746 ,68.86595383598207
2020-12-28,487968362287.4942 ,69.14963430116016
2020-12-27,491759667210.8584 ,69.89680918166611
2020-12-26,458451624197.6902 ,68.55737343087517
2020-12-25,441197939019.5641 ,67.9969251572677
2020-12-24,432029867575.78503,69.0425065074567
2020-12-23,442873695494.4751 ,67.05625021621266
2020-12-22,422307247638.17395,66.4601252649362
2020-12-21,436309933489.38965,66.01325508135741
2020-12-20,443555064639.4841 ,65.99202164162413
2020-12-19,430340616195.9409 ,65.50491966602833
2020-12-18,423827366466.4853 ,65.53987481363464
2020-12-17,397027929132.0613 ,64.19109301393145
2020-12-16,360999459538.69116,63.67313435598798
2020-12-15,358026485120.2732 ,63.46496514201977
2020-12-14,356047625110.1335 ,63.21948407228398
2020-12-13,349130390603.96246,63.280970284078116
2020-12-12,335349939257.7354 ,63.256598348633375
2020-12-11,339115092150.11194,63.00429712421656
2020-12-10,344508761934.9114 ,62.751438401660245
2020-12-09,340064531093.54425,63.084124290455065
2020-12-08,356174684799.181  ,62.886726784073424
2020-12-07,360159023269.5665 ,62.85703163161147
2020-12-06,355759483780.6688 ,62.74500532310658
2020-12-05,346558676251.4681 ,63.117809945825336
2020-12-04,360918405113.5531 ,62.54662867620567
2020-12-03,356859626012.7837 ,62.63206512313221
2020-12-02,348770812406.417  ,62.77567415092784
2020-12-01,365392475624.1046 ,62.679912291457235
2020-11-30,337871444805.9133 ,62.22078807916323
2020-11-29,329044151328.0237 ,62.34468911574899
2020-11-28,318071927719.97687,62.50156953833244
2020-11-27,318594848064.83984,62.74012015000558
2020-11-26,347584018479.3731 ,62.50702104682512
2020-11-25,355879956120.0696 ,61.902477165324115
2020-11-24,341265651487.7211 ,61.75605558031464
2020-11-23,341892862476.08624,64.03072867414943
2020-11-22,346798873284.72437,64.06212835660122
2020-11-21,346876830192.2051 ,66.03380226732975
2020-11-20,330700611048.8767 ,66.1561371721767
2020-11-19,330175517197.6323 ,66.19673594765122
2020-11-18,328020335677.5676 ,66.3352325083197
2020-11-17,310140827991.5891 ,65.87640372989675
2020-11-16,296278075028.74884,65.52670635664462
2020-11-15,298157884768.85693,65.31075234520898
2020-11-14,302873293993.58325,65.25788574697064
2020-11-13,302490715890.5396 ,65.33022308529107
2020-11-12,291253566283.6941 ,64.44126604442484
2020-11-11,283915588086.8042 ,64.0197404077935
2020-11-10,284211945740.2862 ,64.39427941717825
2020-11-09,287170387170.5483 ,64.29812434486882
2020-11-08,275014584022.21027,64.15648391279635
2020-11-07,289108037891.6626 ,64.43388050024045
2020-11-06,289365766836.7918 ,65.8175741875953
2020-11-05,262146997193.52023,64.35614136539557
2020-11-04,259815182202.66663,64.40783032472474
2020-11-03,251394307599.19888,63.61147395277577
2020-11-02,255193507725.58545,63.25742981568442
2020-11-01,255714965758.66248,63.680261682973786
2020-10-31,251274186495.0666 ,63.41881802861821
2020-10-30,249340856615.65186,62.95775217051796
2020-10-29,246143683112.3987 ,62.365190772745926
2020-10-28,252816021457.1121 ,62.23490190272461
2020-10-27,242193715694.46124,61.544669175622154
2020-10-26,241506060123.2348 ,61.075141757649355
2020-10-25,243176890304.93796,60.932730644313686
2020-10-24,239817789978.2836 ,60.89719414686418
2020-10-23,240553991876.27734,60.868584599136085
2020-10-22,237633652404.22397,61.33038261558643
2020-10-21,220853953664.0406 ,60.641392348465125
2020-10-20,217853005526.68066,59.710430745180574
2020-10-19,213348589389.93243,59.143418852949864
2020-10-18,210582905096.30508,59.23525901312307
2020-10-17,209770689870.50372,59.26162270810186
2020-10-16,213140904167.53714,58.97848905683421
2020-10-15,211653379744.50845,58.86701144158861
2020-10-14,211701987513.5569 ,58.648574439401315
2020-10-13,213810056651.33124,58.71140847865958
2020-10-12,210638294738.55875,58.80752793678159
2020-10-11,209354635475.48947,58.943937782118375
2020-10-10,204852342010.3552 ,58.614667670397964
2020-10-09,202583976826.4741 ,59.01790541557897
2020-10-08,197578160683.83435,59.02229806851987
2020-10-07,196269423735.4935 ,59.06737860953991
2020-10-06,199819956624.68372,58.60528515149548
2020-10-05,197644833109.31314,58.410639967871
2020-10-04,195230430060.09164,58.48709769452351
2020-10-03,195672415881.85397,58.57963433880423
2020-10-02,196599627625.3982 ,58.11547406275212
2020-10-01,199809137422.54254,58.09894526314048
2020-09-30,200675759052.80884,58.244150294263406
2020-09-29,197882567414.43597,58.268821840668515
2020-09-28,199533024528.8958 ,58.28655234322351
2020-09-27,198619444436.5237 ,58.43235328859281
2020-09-26,197823103389.0058 ,58.45839799315251
2020-09-25,198618547964.98404,59.09659375727377
2020-09-24,189283797019.54593,59.66287520734452
2020-09-23,194881684684.63818,59.23761533333476
2020-09-22,192888011934.31445,59.429316612019825
2020-09-21,202084416124.08142,58.94123036002307
2020-09-20,204986194578.31064,58.506471461039915
2020-09-19,202282088004.92526,58.241807704714546
2020-09-18,202413718505.63815,58.14155968693927
2020-09-17,202599402570.79297,58.92954315148561
2020-09-16,199480849386.6412 ,58.600821889213464
2020-09-15,197658391145.65018,57.54628402345032
2020-09-14,190962920018.59143,57.18819674281969
2020-09-13,193138763653.65747,56.78517459596307
2020-09-12,192229076156.8975 ,57.375078478494736
2020-09-11,191324760392.09674,57.60532648062363
2020-09-10,189937040284.13034,57.711589654426284
2020-09-09,187184848173.86688,58.490036955580926
2020-09-08,191832219754.09262,58.426598142083556
2020-09-07,189702872526.78406,58.18756582731147
2020-09-06,187965898791.84738,59.130578099162506
2020-09-05,193438681274.51953,57.383492341937114
2020-09-04,188062431015.3748 ,57.171164621851794
2020-09-03,210733078484.91376,56.590605200921175
2020-09-02,220459238712.84964,56.27841867250114
2020-09-01,215503012294.08755,56.87296255999709
2020-08-31,216506819777.8613 ,57.218371291165276
2020-08-30,212091753381.45578,57.72247209370369
2020-08-29,213264876305.42307,58.20623124104552
2020-08-28,209046917164.31882,58.55932029969341
2020-08-27,211790670973.28818,58.35418766674309
2020-08-26,209377993887.40857,58.432715886854275
2020-08-25,217289017065.1142 ,58.33903891745927
2020-08-24,215305592430.0261 ,58.768487402886436
2020-08-23,215754020819.00546,58.62999223743315
2020-08-22,212953194815.23962,59.264156845053975
2020-08-21,219229720332.00787,59.0622263412516
2020-08-20,216860297625.5712 ,59.31073274188007
2020-08-19,221157362939.26785,59.133309519509346
2020-08-18,227031086313.38092,59.19979367695456
2020-08-17,220083217736.99048,58.51686337861937
2020-08-16,219184338704.3335 ,58.91121387252882
2020-08-15,217410019851.001  ,58.89592410388182
2020-08-14,217632877746.44437,59.352714409316704
2020-08-13,213622118473.0934 ,59.98937422487269
2020-08-12,210362971066.46167,61.11955754964658
2020-08-11,219743705709.4268 ,61.052040644622636
2020-08-10,215752162914.40775,61.10330089656009
2020-08-09,217364983876.04404,61.423724897433225
2020-08-08,214265768520.05396,62.01245173300071
2020-08-07,217259659262.99356,61.82315431361732
2020-08-06,216964212764.25546,61.91824247908059
2020-08-05,206676510353.70206,61.26182034273017
2020-08-04,207326986699.6479 ,61.46347877077537
2020-08-03,204406885154.52823,62.00074847073418
2020-08-02,218199591226.3129 ,62.4448705631663
2020-08-01,209429340801.99646,63.17880709802007
2020-07-31,205110737468.13507,63.30301959255801
2020-07-30,205018542347.24457,63.85586102098021
2020-07-29,201759743456.8602 ,63.42894112527646
2020-07-28,206782843509.002  ,64.21590684587234
2020-07-27,183447372456.44586,61.94928000534262
2020-07-26,179195404792.07428,61.51531097964751
2020-07-25,176259621819.1799 ,62.41285828982332
2020-07-24,177351134599.67056,62.51096037208981
2020-07-23,175931462753.54868,62.786834093524085
2020-07-22,173224397124.86957,63.1748719951788
2020-07-21,168975009558.83035,63.38493887224028
2020-07-20,169908283775.68317,63.057689908481514
2020-07-19,169172149932.7349 ,63.21241825228888
2020-07-18,168807673951.73486,63.41841567002541
2020-07-17,168391250818.03708,63.39191140848731
2020-07-16,169492860447.52402,63.21792290539071
2020-07-15,170618579058.1649 ,63.363167117831715
2020-07-14,170325778123.3182 ,63.52631535751439
2020-07-13,171587651280.045  ,63.359844420986725
2020-07-12,170246906106.79965,63.54168927598821
2020-07-11,171202230389.846  ,63.850334113554545
2020-07-10,170180359345.9168 ,63.59582340987055
2020-07-09,174049223711.90488,63.725387852714896
2020-07-08,170640246763.91425,64.2963026675404
2020-07-07,172243439426.06497,64.58200179576323
2020-07-06,167499573154.5831 ,65.14755180429806
2020-07-05,168310160050.9498 ,65.19478575027591
2020-07-04,167148843716.50116,65.50378467276445
2020-07-03,167462776156.44128,65.52162489149441
2020-07-02,170198081858.64865,65.50135286949869
2020-07-01,168369980161.18103,65.71468026625121
2020-06-30,169164398341.42584,65.75092832415483
2020-06-29,167949872364.1562 ,65.80978026411027
2020-06-28,165926448319.6513 ,66.03663385034343
2020-06-27,168654496406.0709 ,65.48855286960145
2020-06-26,170182277925.44354,65.4925479798639
2020-06-25,171205786504.72   ,65.56831324403916
2020-06-24,177251881194.85446,65.78184608571051
2020-06-23,178471466347.34885,65.97335289359552
2020-06-22,171060367262.2591 ,65.9900288091288
2020-06-21,172211899528.06155,66.07228349710223
2020-06-20,171237734079.70462,66.04799462072764
2020-06-19,172723836760.20508,66.08411369927623
2020-06-18,174096339605.01886,66.11763687821461
2020-06-17,175370966027.0477 ,66.31088645989871
2020-06-16,173567866342.16663,66.35218242871446
2020-06-15,171805016242.76614,66.13753545857561
2020-06-14,174277117253.91684,65.91234700106449
2020-06-13,174197004764.90967,66.00668636412266
2020-06-12,170802613969.7249 ,66.20412100983998
2020-06-11,182015200457.22174,65.98954175641306
2020-06-10,179920344055.7193 ,65.97634836681236
2020-06-09,180090587425.48465,65.95319822570788
2020-06-08,179495008986.9166 ,66.00366847128149
2020-06-07,177959127067.63046,65.96246167639286
2020-06-06,177049139306.95264,65.99560240441895
2020-06-05,180157759658.20648,66.18549555770129
2020-06-04,177685583131.36008,65.96119959761336
2020-06-03,175317221185.00504,66.13630742211937
2020-06-02,187800008491.3098 ,67.01800481456165
2020-06-01,173794337145.38748,66.55848515999266
2020-05-31,178362366096.93457,66.3173800970028
2020-05-30,173293753257.99747,67.04346987949032
2020-05-29,175198767732.40274,67.16343143462085
2020-05-28,169125059092.884  ,67.13690915096866
2020-05-27,162499212690.64908,66.77162357284487
2020-05-26,163411591899.5392 ,66.74139464423182
2020-05-25,160542390943.83994,66.92190417963702
2020-05-24,168766708601.4863 ,67.34242359166389
2020-05-23,168516643866.8745 ,67.21297808555362
2020-05-22,166117444614.6764 ,67.74394371632962
2020-05-21,174764655395.57703,67.9794046485991
2020-05-20,179905546582.0241 ,68.25111483937766
2020-05-19,179193261359.96448,68.24100032693318
2020-05-18,177901734922.21945,68.63638502267267
2020-05-17,172520094326.5144 ,68.3092299486674
2020-05-16,171126549178.6752 ,68.50459767642788
2020-05-15,180003668346.17664,69.00818863310091
2020-05-14,171055606135.08478,68.14213912808391
2020-05-13,162078401105.30746,67.66469083201105
2020-05-12,158193262343.15198,67.6212950290915
2020-05-11,160709858556.10117,67.73790242536494
2020-05-10,175325354865.38043,67.83117936773398
2020-05-09,180393324055.16382,68.32548802178711
2020-05-08,183617436757.8514 ,68.84924057486569
2020-05-07,168409898063.6586 ,67.9396973396136
2020-05-06,166079260458.81497,67.16222561410073
2020-05-05,163273474151.4435 ,66.76398815663889
2020-05-04,163642904718.75232,66.66833181369303
2020-05-03,164909220372.73138,66.33956044868881
2020-05-02,162034059626.79016,66.40430925627493
2020-05-01,158665176539.4223 ,66.40360891097801
2020-04-30,161088428520.47266,65.93203800421097
2020-04-29,142430203031.84393,64.60633578225809
2020-04-28,142936682136.754  ,64.9931647259237
2020-04-27,141309613426.35565,64.61048722881614
2020-04-26,138474971391.4107 ,64.63835546344579
2020-04-25,137771571271.2584 ,64.90616833326762
2020-04-24,137298518355.6731 ,65.13653624292631
2020-04-23,130831513143.77586,64.532115444973
2020-04-22,125641755942.66513,64.62216854618623
2020-04-21,125388472573.95331,64.65000804962551
2020-04-20,130778052547.5911 ,64.64073696654344
2020-04-19,133130449613.09935,64.36384361391288
2020-04-18,129026873015.6963 ,64.90693432745908
2020-04-17,130441426617.00972,65.0597094665127
2020-04-16,121461181353.21822,65.25889766304206
2020-04-15,125960553580.94958,65.52604891115236
2020-04-14,125699502002.40565,65.56016157384795
2020-04-13,126694615082.00963,65.61498669254257
2020-04-12,126269118916.77911,65.6165505161261
2020-04-11,125988609951.87259,65.64274469224382
2020-04-10,133596655092.63457,65.4302352468083
2020-04-09,135037012579.8504 ,65.47176415309663
2020-04-08,131910772931.2524 ,66.00737125155858
2020-04-07,134450140801.42433,65.88784772867497
2020-04-06,124158852392.38606,66.54734502348622
2020-04-05,125839028943.78313,66.6273225851826
2020-04-04,123422518773.36073,66.55298404462913
2020-04-03,124683107541.99704,66.9239022726623
2020-04-02,121794230962.48257,66.83092044958181
2020-04-01,117572877454.63156,66.50877691505742
2020-03-31,117132243767.02017,66.6415974958969
2020-03-30,107708962681.119  ,66.0292429734934
2020-03-29,114509313856.78792,66.35915414505833
2020-03-28,116590017736.92879,66.83625459262603
2020-03-27,123730986274.27156,67.01462683925455
2020-03-26,122529991290.43878,67.39640795180571
2020-03-25,122840045242.31268,67.20027914716599
2020-03-24,118933991110.28842,66.93339506202395
2020-03-23,106416891879.44197,66.50345816775706
2020-03-22,113332754467.89919,66.37689528968278
2020-03-21,113796170090.75027,66.60889579155155
2020-03-20,113195636855.05956,65.97414303971618
2020-03-19,98899068350.43823 ,65.73850178443891
2020-03-18,97960213941.51358 ,65.98729161765046
2020-03-17,92025228967.33124 ,65.65216454206826
2020-03-16,97756923941.21423 ,65.44211033635229
2020-03-15,95457774446.57513 ,65.26040255651097
2020-03-14,103090729463.18578,65.60679592784372
2020-03-13,88554335236.78564 ,65.71198588492261
2020-03-12,145484834050.80405,66.13267129546527
2020-03-11,144223382546.93997,65.58181570150728
2020-03-10,145011240635.7741 ,65.57839429436707
2020-03-09,146965718259.51828,66.08285495637426
2020-03-08,162502336397.4004 ,65.08747530581583
2020-03-07,167264512807.19733,64.82798066040762
2020-03-06,165521402491.1959 ,65.4353465166773
2020-03-05,159935328766.43866,65.20506665198899
2020-03-04,159919635146.6551 ,65.26622337674192
2020-03-03,162679537995.81952,65.24240431315559
2020-03-02,155731130201.33908,65.69187384706619
2020-03-01,155825969620.94504,65.67529100264558
2020-02-29,159042873532.94122,65.52070325534004
2020-02-28,160718478972.5313 ,65.62652599468719
2020-02-27,160390011318.90723,66.03358844287594
2020-02-26,169909536187.195  ,65.23706755154574
2020-02-25,176309319036.88037,64.51565968000018
2020-02-24,181919508969.80408,64.22814703117189
2020-02-23,176402976253.73456,64.56754389087608
2020-02-22,176735797468.8921 ,64.39290191037814
2020-02-21,175149436430.93716,64.63306727692566
2020-02-20,175073566451.9049 ,64.54112022302552
2020-02-19,185661926726.7541 ,64.06800078636884
2020-02-18,176835535343.64514,63.8903951845601
2020-02-17,181226025930.85867,64.57402117381316
2020-02-16,180484436455.54092,63.6893750644806
2020-02-15,188818048881.70496,62.75337940254797
2020-02-14,186641331062.2593 ,63.416312816229194
2020-02-13,188583804744.77914,63.733827483568554
2020-02-12,187088583915.636  ,64.81711916771093
2020-02-11,179594743452.11777,64.98214484651945
2020-02-10,185129513005.37204,65.44449489561941
2020-02-09,180385323845.15897,65.58762914957408
2020-02-08,178597338491.0511 ,65.69566667024002
2020-02-07,177646381125.74536,65.95064126179986
2020-02-06,174997030113.46313,66.12588815932604
2020-02-05,166801623251.08878,66.57993302204906
2020-02-04,169111253304.7913 ,66.85570582683275
2020-02-03,169690770658.9049 ,67.13149182022471
2020-02-02,170540602823.42004,67.56082313839707
2020-02-01,169872004371.88687,67.83814376013949
2020-01-31,172859586987.60593,67.66429193293772
2020-01-30,168878781901.44867,68.16862967339767
2020-01-29,170773482310.96014,68.2021118694802
2020-01-28,161812647289.97778,67.76906645824641
2020-01-27,156492680972.13016,67.58128199883818
2020-01-26,151638384987.72186,67.9732908614427
2020-01-25,153301901274.60547,67.88302013247926
2020-01-24,152432697637.06097,67.74939835851637
2020-01-23,157439115058.60687,67.36705572277559
2020-01-22,158709961345.70197,67.4948957826094
2020-01-21,156829589509.8588 ,67.62805330403481
2020-01-20,158182088830.5018 ,67.95047555555814
2020-01-19,162217770957.864  ,68.07513364644824
2020-01-18,161696651055.34534,67.6743898918996
2020-01-17,157683205972.58344,67.84421358055883
2020-01-16,160140043444.63126,67.91263019582993
2020-01-15,160295696211.61066,67.76559794687438
2020-01-14,147200886803.16382,69.75056943122641
2020-01-13,148550499020.04132,69.66773904981629
2020-01-12,145702423799.29788,69.844298481989
2020-01-11,148764919902.2381 ,70.04853487888434
2020-01-10,141861190749.4573 ,70.33576920840333
2020-01-09,145968104910.1283 ,70.67900309677248
2020-01-08,148283256898.6069 ,70.64140332564949
2020-01-07,141204352890.54346,69.5288865793575
2020-01-06,133367636956.77248,69.63241202549912
2020-01-05,133299194343.36385,69.76770412489853
2020-01-04,132693609282.19116,69.81013124024979
2020-01-03,126029451639.12614,69.8292878180645
2020-01-02,130269279347.71703,69.84713772453595
2020-01-01,130047120648.44621,70.01221818266863
2019-12-31,131110351338.02968,69.9196826611264
2019-12-30,134030694067.24977,69.97419910989093
2019-12-29,132505288638.91583,70.20481454080794
2019-12-28,131352653842.91078,70.29395240957058
2019-12-27,130431324918.84573,70.42639924224221
2019-12-26,130387367738.53317,70.53531600753176
2019-12-25,131476432760.29314,70.36867203008441
2019-12-24,132735342981.15752,70.58932439482464
2019-12-23,136136999279.04474,70.42427116883545
2019-12-22,129538703160.12657,70.16861087150292
2019-12-21,130284047018.19589,70.00616116533516
2019-12-20,129534051370.39713,70.18558340910256
2019-12-19,131969405164.48204,70.11137340447769
2019-12-18,119862701979.3838 ,69.64076920902627
2019-12-17,124747431915.65523,68.89356740644627
2019-12-16,129330810305.30566,68.47864141629425
2019-12-15,128080939199.55574,68.40884145364912
2019-12-14,131305354650.4024 ,68.52715415719165
2019-12-13,130094584106.97191,68.4862836097999
2019-12-12,130469028426.38377,68.4589520613165
2019-12-11,130792850769.75084,68.54559452265943
2019-12-10,132905555537.40277,68.49449980023249
2019-12-09,136357990863.43327,68.55319683755589
2019-12-08,135946006678.30266,68.86212733642783
2019-12-07,136548034534.28302,68.91902010988942
2019-12-06,133835611473.70996,68.78357243165487
2019-12-05,130158645858.00772,68.59402730556786
2019-12-04,132072895593.29405,68.52619641656695
2019-12-03,132507821424.59602,68.43525169089914
2019-12-02,134057116930.23734,68.34529613459404
2019-12-01,136780346939.22751,68.71355291157688
2019-11-30,140308758943.81808,68.8231883837131
2019-11-29,134354671499.69788,68.53742176443969
2019-11-28,135975632585.90369,68.61333728938142
2019-11-27,129487256173.15436,68.18482684397323
2019-11-26,128792450838.5443 ,68.37595955887701
2019-11-25,124993261015.71083,68.30879533597836
2019-11-24,132208793136.3217 ,67.97174576357604
2019-11-23,131659475434.70686,68.4211869121635
2019-11-22,137584722003.79904,68.13288913504653
2019-11-21,146062709481.89258,68.11604018434552
2019-11-20,146713924290.50922,68.0052592064749
2019-11-19,147684933397.63745,67.87706020121573
2019-11-18,153639698148.88754,67.74004632420689
2019-11-17,153375894989.11386,67.82747221114046
2019-11-16,152778287347.44647,67.93124875837451
2019-11-15,155956685611.06613,67.82029720700007
2019-11-14,158419867044.67123,67.84404678058984
2019-11-13,158744351793.73712,67.96011442132686
2019-11-12,157318584519.39777,67.96356268327418
2019-11-11,163168430045.71915,68.27171765320902
2019-11-10,158919220637.2007 ,68.18091467745906
2019-11-09,158209381555.06244,68.39789158325696
2019-11-08,166001692551.66483,68.79555255364023
2019-11-07,168511611378.52637,68.58741785020125
2019-11-06,167906192917.84583,68.80414775676303
2019-11-05,169703731048.48706,69.30729127563949
2019-11-04,166089348693.5214 ,69.39010943149012
2019-11-03,167796751539.05746,69.50721600705954
2019-11-02,166474855281.18048,69.49322353682119
2019-11-01,165116062797.7475 ,69.42584231251455
2019-10-31,165159068516.0212 ,69.40937489406821
2019-10-30,169906039784.95343,69.47189034536059
2019-10-29,166144748275.76572,69.64646869362925
2019-10-28,172078009213.41556,70.1452504516074
2019-10-27,166921100757.41068,70.22022297788972
2019-10-26,156277391077.94202,68.67221163321932
2019-10-25,134074368320.86337,67.68623916884435
2019-10-24,134770109329.43243,68.05057026939288
2019-10-23,144681998973.09042,68.43052172433164
2019-10-22,148194780367.11597,68.59621658102225
2019-10-21,148523321192.2214 ,68.73193637530326
2019-10-20,143378919607.06738,68.42628606994128
2019-10-19,143219048399.2334 ,68.3475063794424
2019-10-18,145393996019.41956,68.1888881003805
2019-10-17,144059299669.7682 ,68.53560380353063
2019-10-16,146948179680.09647,68.44323615370274
2019-10-15,150484325446.87628,68.2983958747323
2019-10-14,149053673013.68756,68.73143366010376
2019-10-13,149581637085.00616,68.95295300550727
2019-10-12,148788230283.46445,68.98403500543726
2019-10-11,154256291700.98618,69.01523170955018
2019-10-10,154367255981.3073 ,68.63671812106855
2019-10-09,147075033201.55215,68.50701504622961
2019-10-08,147916314063.4042 ,68.64858679585906
2019-10-07,141469786037.45163,68.8915336804825
2019-10-06,146598055583.21158,69.09872662357695
2019-10-05,146518019262.02905,69.21219604373424
2019-10-04,148137360847.00687,69.58498371577886
2019-10-03,150657170304.80777,69.52249931763392
2019-10-02,149700285005.8504 ,69.75639020801354
2019-10-01,149297230829.45032,68.30188847337651
2019-09-30,144727333640.70667,69.74315483761953
2019-09-29,147730659127.52722,69.74110133677637
2019-09-28,147138726410.17825,69.71120579083284
2019-09-27,144782947755.2986 ,69.9559772993752
2019-09-26,151555954160.613  ,70.30631218612274
2019-09-25,153399796448.79135,71.07187360034622
2019-09-24,173954861484.2879 ,70.10209352552967
2019-09-23,180226484705.947  ,69.93031803972525
2019-09-22,179340946631.67612,69.35891155505936
2019-09-21,182530833153.8641 ,69.49504085159941
2019-09-20,184863186270.4827 ,69.41268140327107
2019-09-19,182417237053.25104,69.22711752850338
2019-09-18,182913327635.80627,70.06897340040764
2019-09-17,184174334432.4235 ,70.9848930069822
2019-09-16,185028811162.71634,71.45296746161354
2019-09-15,185798876219.49362,71.41018105208691
2019-09-14,185700366330.88034,71.83318892472211
2019-09-13,187217624502.4147 ,72.00261741160519
2019-09-12,182374705298.87656,71.64880828367266
2019-09-11,181302732022.2626 ,71.32891223618087
2019-09-10,184878890284.72623,71.55825117089289
2019-09-09,186473254089.2014 ,71.64665843953443
2019-09-08,188010569984.51544,72.1082315337123
2019-09-07,184847333922.06546,72.60165455890446
2019-09-06,189621796212.17493,72.68769425277908
2019-09-05,189727621620.45654,72.55649045574319
2019-09-04,190205439048.49557,72.28907940905822
2019-09-03,186011603574.15616,71.85815971824458
2019-09-02,174808259303.88998,71.24607306039539
2019-09-01,171956368981.5753 ,70.95419868683767
2019-08-31,171581244894.9164 ,70.97856495415671
2019-08-30,169844041669.27338,70.72627968995
2019-08-29,173969827036.07196,70.93962705866292
2019-08-28,182188683923.51825,69.69222235029922
2019-08-27,185637720444.67175,70.71709101465117
2019-08-26,181567643506.3136 ,70.4058380282691
2019-08-25,181528725119.7509 ,70.10163433019235
2019-08-24,186035062699.47977,70.3632359133827
2019-08-23,180890233887.53836,70.1093819521285
2019-08-22,181210137355.841  ,70.5062769796348
2019-08-21,192161643407.9338 ,70.92123608462661
2019-08-20,195362723279.1783 ,70.74868539182485
2019-08-19,184722845168.51767,70.0461358212481
2019-08-18,182891693212.42184,70.60314239589206
2019-08-17,184914286725.77246,70.85782644124349
2019-08-16,184070960247.1554 ,70.48339361200921
2019-08-15,179008535427.1714 ,70.14475459317721
2019-08-14,194017913845.16373,69.94362530014473
2019-08-13,203525435640.03137,70.71535038822509
2019-08-12,206378105616.89844,70.60473101689603
2019-08-11,201570105111.01984,70.89985960453514
2019-08-10,212040364394.7569 ,71.90465998820056
2019-08-09,214556560751.1387 ,71.17446050357
2019-08-08,213656053566.68915,70.93457694454096
2019-08-07,205003945276.1047 ,70.11003890941649
2019-08-06,210950724652.5862 ,70.03847838412445
2019-08-05,196308727212.64658,69.0069168070369
2019-08-04,193266083069.87296,68.66566312719984
2019-08-03,187851451818.58163,68.27105492187893
2019-08-02,185661373101.96786,67.83431412337589
2019-08-01,180746933157.963  ,67.09572931353038
2019-07-31,171189077089.19153,66.59099618691879
2019-07-30,169458170391.62344,66.54307469526957
2019-07-29,170163950671.23242,66.52661524522377
2019-07-28,169112983583.22934,66.62063831675837
2019-07-27,175498823795.442  ,66.33376713352621
2019-07-26,176234368700.434  ,66.74975449874043
2019-07-25,174300809057.02927,66.51386938974552
2019-07-24,175861338950.10193,67.1538904247541
2019-07-23,184218277767.50513,67.44516784191975
2019-07-22,188835543809.88834,67.38830668453018
2019-07-21,191851428202.057  ,67.55839035095323
2019-07-20,187664622062.77017,67.95118431067637
2019-07-19,189741678729.12375,68.04037762592141
2019-07-18,172490974679.35977,67.77556007757269
2019-07-17,167630469547.2807 ,68.42342264288094
2019-07-16,193734582454.6038 ,68.88556127135485
2019-07-15,181764656631.6125 ,67.77660456777295
2019-07-14,202950286429.66846,67.27581919376357
2019-07-13,210189528188.64838,67.44987896933048
2019-07-12,202281226217.7461 ,67.41937476774366
2019-07-11,215431219905.3351 ,67.12296180570114
2019-07-10,224081632071.60498,66.64413206810322
2019-07-09,219206260861.829  ,65.73548428974249
2019-07-08,204288602399.2548 ,64.38009702387895
2019-07-07,200450016573.2327 ,64.77300982774443
2019-07-06,195206158051.00412,64.25014151529244
2019-07-05,198472511228.5836 ,64.80565058969886
2019-07-04,213111514818.63327,65.40677455872729
2019-07-03,192404730794.88376,63.74991933020538
2019-07-02,188511861691.3582 ,62.96693112405909
2019-07-01,191654434686.93335,63.8026289631679
2019-06-30,210788472509.60895,64.0742004648648
2019-06-29,219711240956.04037,65.75033787044336
2019-06-28,197724608234.74796,64.50639914378417
2019-06-27,229457863470.19885,65.37421926668904
2019-06-26,209154313471.6843 ,63.135849673055816
2019-06-25,196202969098.2482 ,61.78692843420501
2019-06-24,192973509658.257  ,61.673863403207136
2019-06-23,190087042844.81433,61.055156552251255
2019-06-22,181769452428.12158,61.05072124627494
2019-06-21,169774827058.07385,60.36285952304905
2019-06-20,164947999444.7673 ,59.62028204369832
2019-06-19,162096305984.11224,59.86752573292803
2019-06-18,165888322837.0875 ,59.824554749749566
2019-06-17,159556836721.18436,59.36920981775083
2019-06-16,157192846414.23837,59.184384873544744
2019-06-15,154634129552.90247,59.20443340166529
2019-06-14,146265274907.6337 ,58.09468597719989
2019-06-13,144958576869.36838,57.754229296365395
2019-06-12,140602422445.22943,57.952298406546454
2019-06-11,142425628817.89783,58.12116402413215
2019-06-10,135800137618.6658 ,58.482850774338665
2019-06-09,140707353689.25943,58.24615119315433
2019-06-08,142186699196.8915 ,58.11599491657891
2019-06-07,138537392489.26663,57.92109524020971
2019-06-06,138215459119.64294,58.19129793967591
2019-06-05,136258869697.76445,58.223610124702965
2019-06-04,144197232636.0843 ,58.73843022226525
2019-06-03,155056051933.1332 ,58.67235840248903
2019-06-02,151732197844.62183,58.70175875390468
2019-06-01,151840526021.4033 ,58.33815458124649
2019-05-31,146856865637.04468,58.874860998128284
2019-05-30,153772468611.58746,58.53459805504574
2019-05-29,154752768738.13513,59.06332071321515
2019-05-28,155433432749.20212,59.35588215683478
2019-05-27,154580880582.1773 ,60.06323245943039
2019-05-26,143039962136.38263,59.482009548736215
2019-05-25,141877094537.33063,59.43702610251533
2019-05-24,139664054363.71664,59.59041792424759
2019-05-23,135266778474.73265,59.433497612602146
2019-05-22,140505528123.38284,59.08100733223958
2019-05-21,141651805864.64795,59.6692246167339
2019-05-20,145153475486.7349 ,59.52497340914813
2019-05-19,128900043558.35716,58.96745186172148
2019-05-18,130987265195.50554,58.73778364760728
2019-05-17,139438565334.75778,58.87464997921912
2019-05-16,145116937095.0931 ,59.49485332454975
2019-05-15,141518087753.6093 ,61.56472368095121
2019-05-14,138433691037.59552,63.118323574312655
2019-05-13,123561999384.79549,61.4445210489946
2019-05-12,127901775041.95805,61.52491705802294
2019-05-11,112364209557.94753,60.99991750633308
2019-05-10,109282343909.70723,60.74398936152911
2019-05-09,106148228990.18614,59.445677116345685
2019-05-08,102468754928.00682,59.03355320123986
2019-05-07,101851089720.354  ,58.10271471530362
2019-05-06,102548825352.44272,58.4801390499865
2019-05-05,103657245363.41144,58.703001978332615
2019-05-04,100919769468.59122,57.77464793194509
2019-05-03,97551449778.52046 ,57.53378568299979
2019-05-02,94467620832.5468  ,57.097347707703506
2019-05-01,93480574431.55026 ,56.72688274856334
2019-04-30,91584590897.37129 ,57.794807054554276
2019-04-29,93322811314.21718 ,57.47821520870294
2019-04-28,91567347075.23601 ,57.24419390718299
2019-04-27,91658069693.72284 ,57.42979694075211
2019-04-26,90658266468.00064 ,57.50044166201788
2019-04-25,96299320202.46591 ,57.251240518336104
2019-04-24,97710613642.37645 ,56.769238561275706
2019-04-23,95089415877.9831  ,55.80299865292309
2019-04-22,93690798093.98198 ,55.418331258091875
2019-04-21,94081106620.56798 ,55.06462874686361
2019-04-20,93240987635.23132 ,54.76465904395715
2019-04-19,93425467552.26683 ,54.83437456951295
2019-04-18,92485062684.51553 ,55.19716499644185
2019-04-17,91782488094.6353  ,55.094862260404255
2019-04-16,88937065751.81306 ,55.004963461326064
2019-04-15,91280905157.49626 ,54.69461466593636
2019-04-14,89649614046.6773  ,54.997670577999564
2019-04-13,89462219700.59601 ,54.95429835905174
2019-04-12,88970001754.089   ,54.92627071329431
2019-04-11,93873642983.02364 ,54.2322657772681
2019-04-10,91617518834.93753 ,54.038872937075446
2019-04-09,93153558029.35771 ,53.864756053025104
2019-04-08,91920873763.09102 ,53.32961536843466
2019-04-07,89041637260.58377 ,53.44246519367056
2019-04-06,88800950401.80074 ,53.26837637007154
2019-04-05,86570440162.29929 ,53.95059353308324
2019-04-04,87742617070.8395  ,53.908486796269
2019-04-03,86459545146.05972 ,53.820443171023214
2019-04-02,72984906906.11212 ,53.23482477783103
2019-04-01,72469768342.16905 ,53.30165307407351
2019-03-31,72567156285.2982  ,53.50579670808372
2019-03-30,72457887634.93011 ,53.381559137629154
2019-03-29,70766404945.41884 ,53.48551853697391
2019-03-28,71229586365.58658 ,53.4421429789217
2019-03-27,69349943109.02548 ,53.96611610281321
2019-03-26,69128036125.2461  ,53.932248369381
2019-03-25,70089803718.50021 ,53.789129980876126
2019-03-24,70257222927.59685 ,53.713896875117776
2019-03-23,70487470662.00267 ,54.03790697556038
2019-03-22,70064377878.06552 ,54.2696861346208
2019-03-21,71101912980.99368 ,54.03484600219176
2019-03-20,70572507142.45511 ,54.04554070838659
2019-03-19,70222818369.49092 ,54.148887294347595
2019-03-18,69886817243.04755 ,54.00486091949849
2019-03-17,70430734092.00316 ,53.921688841020796
2019-03-16,68819520075.64476 ,53.97813462393045
2019-03-15,68303883711.74974 ,54.43010800636733
2019-03-14,67767193899.76121 ,54.606716334160424
2019-03-13,68382345355.00211 ,54.65264139325139
2019-03-12,67850814815.83315 ,55.00332074971733
2019-03-11,69152501633.6198  ,54.909467396785246
2019-03-10,69426437236.36626 ,55.06869907535928
2019-03-09,67660937817.577644,55.2927053428419
2019-03-08,68518160100.40522 ,55.005338543206136
2019-03-07,67726933741.89363 ,55.002407519320556
2019-03-06,67703487364.65855 ,55.13315623663377
2019-03-05,65188427768.91307 ,55.99512500111704
2019-03-04,67054990396.52333 ,55.82518608903465
2019-03-03,67575977744.6703  ,55.73052244497264
2019-03-02,67268251602.38148 ,55.591927246979864
2019-03-01,66836694764.92202 ,55.69908956973497
2019-02-28,67377133375.83568 ,55.85481164211939
2019-02-27,66773257413.48241 ,55.68491842872297
2019-02-26,67179460536.32685 ,55.515791584446326
2019-02-25,66078756022.26048 ,56.05521413988913
2019-02-24,72410991372.70523 ,55.06211913854553
2019-02-23,69450696063.68036 ,55.36815250233634
2019-02-22,69235628586.03738 ,55.55731766319267
2019-02-21,69440909518.98758 ,55.071927859614554
2019-02-20,68497494597.773735,55.533096763132114
2019-02-19,68307521610.80621 ,55.52159167084788
2019-02-18,64464619620.255226,55.763084825482125
2019-02-17,63032185792.656906,56.41456522822561
2019-02-16,62778232961.36184 ,56.392575918272485
2019-02-15,62613682872.74105 ,56.62752042310967
2019-02-14,62902303125.93072 ,56.40487426361731
2019-02-13,63562483797.99445 ,56.360519622892525
2019-02-12,63120126413.15363 ,56.65482011828832
2019-02-11,64515362445.70424 ,56.347285916146745
2019-02-10,63646403162.15675 ,56.66607574833134
2019-02-09,63773655699.04618 ,56.78118805266305
2019-02-08,58978186714.02628 ,57.37102312877395
2019-02-07,59226024632.54106 ,57.55331162257973
2019-02-06,60250606478.74448 ,57.43651814456971
2019-02-05,59876911922.404915,57.38263503671258
2019-02-04,60037493012.75577 ,57.41163703574507
2019-02-03,61071076217.895905,57.15148606573988
2019-02-02,60361844468.13097 ,57.45564612895109
2019-02-01,60219802719.61714 ,57.45019231264537
2019-01-31,60428882037.98647 ,56.91827655783142
2019-01-30,59623567055.89483 ,57.58167858479685
2019-01-29,60253430055.49724 ,57.53437392623626
2019-01-28,62029288835.18556 ,56.84542448699718
2019-01-27,62862348943.53037 ,56.66936580294013
2019-01-26,62457942926.33107 ,56.596490258618054
2019-01-25,62614954225.64983 ,56.44646218063379
2019-01-24,62373500782.240364,56.45090766902583
2019-01-23,62755982812.39765 ,56.433251605158866
2019-01-22,61943826183.52417 ,56.58518869311058
2019-01-21,62324716555.4457  ,56.63288871158251
2019-01-20,64653486669.27264 ,56.613208551869086
2019-01-19,63223623828.974724,56.65250169116616
2019-01-18,63750604698.83225 ,56.42262469029534
2019-01-17,63182983083.05426 ,56.451702141498195
2019-01-16,62752179888.57767 ,56.74235698867841
2019-01-15,64203880556.48864 ,56.314235213299526
2019-01-14,62146195083.744225,57.21345628255835
2019-01-13,63774043477.33394 ,56.52583505414413
2019-01-12,63603736428.54055 ,56.59900674586927
2019-01-11,63567283438.956795,56.40573566510208
2019-01-10,70078405353.99803 ,55.4528434553855
2019-01-09,69929481386.79172 ,55.68726682051782
2019-01-08,70140097068.2574  ,55.87529716904322
2019-01-07,70934303347.93407 ,55.53050707385986
2019-01-06,66624338120.33136 ,54.94232069146496
2019-01-05,67604459699.20132 ,55.21537231166966
2019-01-04,66512481205.41907 ,55.50010494030348
2019-01-03,68321767146.056404,55.05109771436618
2019-01-02,66977590747.31275 ,55.80372905253994
2019-01-01,64785887799.7244  ,56.26577046795194
2018-12-31,68155264546.05707 ,56.01105600927219
2018-12-30,65491562108.41787 ,55.73394437052665
2018-12-29,68195790644.50425 ,55.92500132215201
2018-12-28,62986316510.40622 ,57.120127666309855
2018-12-27,66688760083.31278 ,56.009234701141686
2018-12-26,66747368696.751755,56.015795032404746
2018-12-25,70726844759.29709 ,55.78083106996794
2018-12-24,69171566124.18304 ,56.0280718395823
2018-12-23,69704447626.43608 ,57.284189526995355
2018-12-22,67337120694.829704,57.422530484305675
2018-12-21,71579659991.10864 ,57.869390974597835
2018-12-20,64556990240.96774 ,58.55517741837678
2018-12-19,64196201343.7256  ,58.37005981442868
2018-12-18,61303693831.94262 ,58.87373464365633
2018-12-17,56267865925.580574,59.44327301481952
2018-12-16,56207544114.33849 ,59.85053790762837
2018-12-15,55910627822.5228  ,59.80472331425796
2018-12-14,57077072342.701454,59.54195253593228
2018-12-13,60121013513.1879  ,59.61163937117885
2018-12-12,58593774423.165184,59.63053481790741
2018-12-11,59692377297.67689 ,59.5313132946141
2018-12-10,61702321363.95286 ,59.3461715592473
2018-12-09,59555632682.31474 ,59.2399426061059
2018-12-08,59110828800.075096,58.89726558308426
2018-12-07,60261722760.56767 ,59.451537502181836
2018-12-06,64563305018.127846,58.75264979946685
2018-12-05,68538736694.31747 ,58.41823449859895
2018-12-04,66846065489.673645,58.06741733847806
2018-12-03,71783274561.48685 ,58.063369989649516
2018-12-02,72349468474.29143 ,58.1414909293985
2018-12-01,69404537826.2266  ,57.99498917385611
2018-11-30,74024621910.3113  ,58.36911390541284
2018-11-29,73654856759.65672 ,57.69680592813269
2018-11-28,66454100824.94939 ,57.46298720029463
2018-11-27,65217722551.504234,57.338172848412114
2018-11-26,69586134833.92456 ,57.569829112206094
2018-11-25,66353238773.32237 ,57.39399424416542
2018-11-24,74993134628.70987 ,57.91769264550661
2018-11-23,74499131794.44266 ,57.61014980876769
2018-11-22,79348106163.55017 ,57.12591808917938
2018-11-21,76686930993.17133 ,57.42470675405701
2018-11-20,83581253184.65393 ,56.88773595736974
2018-11-19,97263783602.75989 ,56.30204123050947
2018-11-18,96008404559.26    ,56.58124186522144
2018-11-17,96882189506.88652 ,56.891000218300796
2018-11-16,97439366469.351   ,56.33266019697753
2018-11-15,98587975141.85991 ,55.91386103388454
2018-11-14,109309115818.56512,55.47346984476601
2018-11-13,110754737101.71866,56.203825976055185
2018-11-12,110816642654.21855,56.14499890256145
2018-11-11,110885342089.97182,56.04976365306838
2018-11-10,110231687235.18152,56.1997294881426
2018-11-09,111537085458.31548,56.10521431718864
2018-11-08,113353208102.98697,55.593437368745015
2018-11-07,112367199754.66246,55.01219082133896
2018-11-06,111532549832.56073,56.18033602825044
2018-11-05,111898889953.90291,56.241968613632785
2018-11-04,110255405673.6793 ,57.18012529858365
2018-11-03,110532968424.07544,57.20365367203849
2018-11-02,110299295340.57558,57.62034944844771
2018-11-01,109721666591.95517,57.61228523835268
2018-10-31,109479686076.94759,57.83863047272715
2018-10-30,109383738254.8014 ,57.97765793527155
2018-10-29,111256401482.16447,57.34655998920348
2018-10-28,111828752407.56715,57.66152099464135
2018-10-27,111923477895.73265,57.50974475197836
2018-10-26,111100638557.89769,57.466110168671065
2018-10-25,111608151330.93951,57.41849898902653
2018-10-24,112007338904.9444 ,57.34561585773888
2018-10-23,111353096391.32494,57.25128630279153
2018-10-22,112354356068.26604,57.25120810008914
2018-10-21,111390322943.27646,57.21140225338609
2018-10-20,111852924603.51605,57.451159589018495
2018-10-19,112213152576.0255 ,57.674332927225876
2018-10-18,113508657830.64824,57.40146172500508
2018-10-17,112638618034.92242,57.43143053578391
2018-10-16,112617878240.11781,57.67113990546643
2018-10-15,107689208333.55557,58.00253372888861
2018-10-14,107692409959.78741,57.520177078487016
2018-10-13,107177871824.36334,57.751427201567445
2018-10-12,106799598218.48671,58.44124585774339
2018-10-11,113786774296.05954,56.11446232898727
2018-10-10,114195007374.47667,55.986952901781216
2018-10-09,114531890790.9057 ,55.78077309866256
2018-10-08,113928717095.4724 ,56.07122612637636
2018-10-07,113524336289.18669,56.18235830850056
2018-10-06,114181307718.52615,55.884649659897626
2018-10-05,113467360052.18434,56.04527760450127
2018-10-04,112122711615.72702,56.01903860293574
2018-10-03,112711414206.06079,55.82508834924631
2018-10-02,113810458906.8643 ,55.40405440106857
2018-10-01,114431407799.81935,55.399339968174694
2018-09-30,113887159368.24396,55.45654229741729
2018-09-29,114671564291.6724 ,56.049803315991895
2018-09-28,115722006044.85388,55.696450140594145
2018-09-27,111571443051.90009,56.39741262407622
2018-09-26,111267057155.9956 ,56.35034193601851
2018-09-25,113760114609.08159,56.5031593540999
2018-09-24,115909249791.31717,55.255654806467206
2018-09-23,116115415687.93709,55.85310118145656
2018-09-22,116766995588.73836,55.40647700584873
2018-09-21,112182072938.35585,56.793555429448716
2018-09-20,110409679228.84842,58.54192489872474
2018-09-19,109425090538.09589,58.558391065316165
2018-09-18,107943001860.57622,59.48082143943891
2018-09-17,112265051899.02037,58.4112660920592
2018-09-16,112651800124.33842,58.748612037939
2018-09-15,111931235321.1418 ,59.27737305570728
2018-09-14,111890949870.98889,59.05681499976186
2018-09-13,109283294898.89587,60.3280586330485
2018-09-12,108405343525.43716,59.9692928031434
2018-09-11,108839130831.63971,59.02682944869524
2018-09-10,107727747238.99739,58.825860467640226
2018-09-09,106573259727.45474,58.78079092367576
2018-09-08,110413405541.45041,58.136217645632016
2018-09-07,112264511703.7956 ,57.47136550630657
2018-09-06,115549029431.07193,58.11387802138313
2018-09-05,126750231924.45103,56.01025559608957
2018-09-04,125210366209.75224,55.93664663455293
2018-09-03,125816538674.32407,55.56982808881927
2018-09-02,124104213387.85468,55.22985861446665
2018-09-01,120976664966.19629,55.89574235882979
2018-08-31,120280300951.6795 ,56.386261116902276
2018-08-30,121256603710.97293,56.179056368418934
2018-08-29,121985198840.77446,55.351311809973005
2018-08-28,118987701862.51724,55.79435140518288
2018-08-27,115639964956.4168 ,56.80663413280424
2018-08-26,116063083433.24788,56.52727967504839
2018-08-25,115366077721.38081,56.47799885984045
2018-08-24,112484466334.43752,56.08998782706761
2018-08-23,109440157687.43251,56.25689008686693
2018-08-22,111589533076.82599,55.85070360735653
2018-08-21,107686437776.27676,55.96491117715929
2018-08-20,111626593926.49472,54.5190834033896
2018-08-19,110068255635.9161 ,54.92484944238504
2018-08-18,113320954010.85472,53.82947987232866
2018-08-17,108706628278.61565,55.76948856704194
2018-08-16,107990708853.19469,56.28394336714684
2018-08-15,106605799507.00487,56.30498291324535
2018-08-14,107588189416.13354,55.86726142638153
2018-08-13,108684318491.25336,53.651001005522566
2018-08-12,107339546617.83093,53.81301780215657
2018-08-11,105854007076.30902,52.28985181856882
2018-08-10,112346157697.10085,51.92530785642248
2018-08-09,107980361436.79962,51.667564147725784
2018-08-08,115540994443.29446,50.94592759169281
2018-08-07,119140252463.43535,50.42924018632013
2018-08-06,120805605460.47614,50.342202682540396
2018-08-05,120620942231.17873,50.691425553604134
2018-08-04,127493814373.53256,51.05257177417668
2018-08-03,129532633004.7875 ,51.69591273187692
2018-08-02,130758290031.0504 ,51.335104107366575
2018-08-01,132941739566.40494,50.98077911149854
2018-07-31,140413097564.48776,51.281951282909986
2018-07-30,141238035940.13632,50.78177891244977
2018-07-29,141325651430.86334,50.58090348798244
2018-07-28,140622306054.98376,50.462508745486915
2018-07-27,136222279838.02022,50.22769532163125
2018-07-26,140354651622.57617,50.18046650022069
2018-07-25,144325392802.20383,50.8296368552651
2018-07-24,132416056119.49832,49.66809442031827
2018-07-23,127012417082.88014,48.65544260515114
2018-07-22,127073658459.82127,48.15553778090893
2018-07-21,125837271175.87463,48.763407732712075
2018-07-20,128263421660.14429,47.67567749795383
2018-07-19,126519614830.10182,47.06793749369018
2018-07-18,125562500910.53015,46.30709306253702
2018-07-17,115461727788.298  ,45.59045713103188
2018-07-16,108925783930.19977,45.777514000569205
2018-07-15,107242592048.99986,46.24886510079162
2018-07-14,106733210676.69987,46.113355022963425
2018-07-13,107022647606.88597,46.4899688429315
2018-07-12,109375940489.0891 ,46.16372177435037
2018-07-11,108011211139.1529 ,46.48448508385227
2018-07-10,114081174859.7328 ,45.998868588753346
2018-07-09,114881792616.49648,45.26680780649232
2018-07-08,115724185019.80159,45.18075334939405
2018-07-07,113117013105.24834,45.64047008796603
2018-07-06,111923439609.11966,45.04702143438884
2018-07-05,112828461280.27246,44.84325145512151
2018-07-04,111439905496.46841,44.95671086976259
2018-07-03,113344822146.95338,44.69388788473983
2018-07-02,108764247924.73418,45.33647248828847
2018-07-01,109388412144.25745,45.80290580235048
2018-06-30,106271009976.91063,45.91066736783642
2018-06-29,100230399031.12051,45.61854766297033
2018-06-28,105077119128.16713,45.5236006818091
2018-06-27,104002012401.3496 ,45.80117211833745
2018-06-26,106995877319.87274,45.085143411899764
2018-06-25,105254485411.82526,45.13138192095404
2018-06-24,105436287608.1595 ,43.942853344639296
2018-06-23,103592373970.89346,44.143768517109635
2018-06-22,114963656045.48293,43.118773145933545
2018-06-21,115627835912.72842,42.85207904215802
2018-06-20,115237326430.65399,42.83481701696419
2018-06-19,114773001448.32489,43.152770584750115
2018-06-18,110255024634.42459,42.76910336056287
2018-06-17,111010894913.41498,42.759942786895394
2018-06-16,109199564309.11998,42.684986113522434
2018-06-15,113503815999.03088,42.20540516588061
2018-06-14,107700159824.90408,43.14429816446247
2018-06-13,111811452007.31496,42.82184917133246
2018-06-12,117574559609.43051,41.96393673186642
2018-06-11,115484581240.65889,42.40781372500317
2018-06-10,127962536554.56787,41.44956442304484
2018-06-09,130007447083.84706,41.01606947719833
2018-06-08,131267683974.60202,40.86820244154425
2018-06-07,130800022808.08475,40.82911780389998
2018-06-06,130115767986.58817,40.82366672390075
2018-06-05,128017994260.5302 ,40.858434637899514
2018-06-04,131764504730.01044,40.32187014699268
2018-06-03,130427746521.99896,40.83202022498014
2018-06-02,128315375342.45306,41.414032116501694
2018-06-01,127764421892.39938,41.52840697588453
2018-05-31,125957927978.48306,42.347015439505505
2018-05-30,127238868147.02994,41.9478909606746
2018-05-29,121175035811.59299,43.08601825260275
2018-05-28,125309788698.8157 ,41.506425361151564
2018-05-27,125079315255.82652,41.13446699831008
2018-05-26,127339262508.8548 ,41.444589227417495
2018-05-25,129247831126.35373,41.24065551358694
2018-05-24,128002560106.93466,42.4408158543909
2018-05-23,136258793320.39647,41.52487115088569
2018-05-22,142999970127.4832 ,40.42012324716333
2018-05-21,145306448039.0512 ,40.01157291736791
2018-05-20,140338913445.57962,40.234627519729464
2018-05-19,140352043096.22064,40.48888081249086
2018-05-18,137419404760.32059,40.433570704642136
2018-05-17,142274239882.8851 ,39.92392262830825
2018-05-16,144370829200.19196,40.376891763387384
2018-05-15,147718784457.11618,39.62820044897623
2018-05-14,147998007891.04178,39.469032723433145
2018-05-13,144415699565.13223,40.063527814309865
2018-05-12,143029199315.41953,40.35315523358935
2018-05-11,153508035870.52463,39.74556284866586
2018-05-10,158556424162.83777,39.49123995759865
2018-05-09,156349803576.22174,38.91978752865144
2018-05-08,159563776903.98285,39.16251041579781
2018-05-07,164071988389.38327,38.94027880420131
2018-05-06,167333323263.69653,38.674632739997946
2018-05-05,164855004824.5762 ,39.39851483778819
2018-05-04,165801719459.75717,39.255090186302766
2018-05-03,157125862598.6811 ,39.3437210470476
2018-05-02,154472636237.43634,39.750661097517614
2018-05-01,157269638283.7821 ,40.83477896626455
2018-04-30,160064499193.69266,40.072858343382826
2018-04-29,158904116174.94916,40.71451837304589
2018-04-28,151826028375.38632,41.45861980813199
2018-04-27,157976757314.7639 ,41.39166553180779
2018-04-26,150681787434.20862,41.94126864883934
2018-04-25,164194975500.5422 ,41.0445708856393
2018-04-24,152054044464.05203,40.90834986985245
2018-04-23,149459891547.3596 ,42.134074066822734
2018-04-22,151619679277.38885,42.94817699318671
2018-04-21,150715745371.8682 ,41.74449025647717
2018-04-20,140593827199.7168 ,42.661290671784215
2018-04-19,138801506305.8823 ,43.51420425386648
2018-04-18,133992561818.93997,45.126962567482124
2018-04-17,136863021499.70944,44.95718784278438
2018-04-16,141955106516.85794,45.13425080939263
2018-04-15,135909164604.70213,46.195438391723684
2018-04-14,133784485760.73958,46.218587631023375
2018-04-13,134426438496.8153 ,45.78857485239275
2018-04-12,117901843870.27841,45.83461681721614
2018-04-11,116007858087.51419,46.86932533276126
2018-04-10,114907883603.46161,47.32197933262872
2018-04-09,119215754754.38539,48.20308978129796
2018-04-08,116944111635.03955,48.202300485731385
2018-04-07,112181975275.53247,48.59885629974966
2018-04-06,114888035729.12393,48.313134285582215
2018-04-05,115264925343.17227,48.28437371741009
2018-04-04,125749486190.43535,48.35780505102405
2018-04-03,119648889867.34949,48.509902679452054
2018-04-02,115593502011.03763,48.55100369745364
2018-04-01,117604045480.43658,48.337433908672004
2018-03-31,116000019596.1016 ,47.67902674084011
2018-03-30,120298914727.23747,49.27542880936101
2018-03-29,134575404470.72302,48.01106190839404
2018-03-28,132029643278.86815,48.38426069842805
2018-03-27,138046161387.95132,47.466285526081684
2018-03-26,143198435744.72205,46.67724220327484
2018-03-25,144503237776.39932,47.644662171369525
2018-03-24,151238986773.04456,47.8801561728288
2018-03-23,147566139947.38745,47.54838959875552
2018-03-22,150667137299.6699 ,47.341778172944586
2018-03-21,150899632048.6425 ,47.354513186298924
2018-03-20,145553832358.80618,47.22913062222979
2018-03-19,138670710244.3902 ,47.761819160999515
2018-03-18,133008880435.12106,46.9876799980517
2018-03-17,140092372623.23044,46.20481878002948
2018-03-16,139955879696.5216 ,45.93233664855982
2018-03-15,138745659586.5647 ,45.633036739744426
2018-03-14,155129691282.20154,45.22836675509206
2018-03-13,154405928075.28757,45.21554721227439
2018-03-12,161358128203.9525 ,45.19248859634194
2018-03-11,148558978004.32684,44.89118482751899
2018-03-10,156411922836.05038,44.591237666673045
2018-03-09,157299678930.3693 ,45.407829852925055
2018-03-08,167342216879.41302,45.253432311639514
2018-03-07,181196028233.1189 ,45.04512140244346
2018-03-06,193696759599.08514,45.473849611320425
2018-03-05,194428521780.29977,44.86689226905321
2018-03-04,193539911168.95166,45.238002325348916
2018-03-03,186464699914.0164 ,44.197339734582755
2018-03-02,184463687170.22577,43.56389480392851
2018-03-01,174419754352.96927,43.172274970479954
2018-02-28,179100582220.4449 ,42.75882563254646
2018-02-27,174320208687.39963,42.27734864728125
2018-02-26,162005088954.95276,41.41361454131653
2018-02-25,163286263323.26956,41.72984577412568
2018-02-24,171403796837.73822,42.00338475701215
2018-02-23,165908332642.4087 ,42.766760011304356
2018-02-22,176651323134.46014,42.81365463430803
2018-02-21,189402386260.19586,43.14926564700951
2018-02-20,188584654382.87753,41.268225595477695
2018-02-19,175418052737.30234,40.46769367434371
2018-02-18,186981237848.78244,40.07068282051296
2018-02-17,171803152349.92657,39.01953833008706
2018-02-16,169636431788.40076,39.35497284555411
2018-02-15,159810689483.79956,38.1973820595592
2018-02-14,143876085986.62817,38.269496672380136
2018-02-13,149981087934.0993 ,38.52781731723731
2018-02-12,136211341257.25572,37.946089436010276
2018-02-11,144247287735.99268,38.0872991637862
2018-02-10,146437251665.95114,37.88514811643353
2018-02-09,138954539758.76648,38.70484782751418
2018-02-08,127637355091.85445,39.019918029737866
2018-02-07,129693234492.28232,38.34603566827108
2018-02-06,116053339328.90724,39.389854251094185
2018-02-05,137676607689.35742,38.70581525480905
2018-02-04,155024188374.56125,37.910885749090156
2018-02-03,149231030427.6814 ,38.68196044718626
2018-02-02,153074180879.0946 ,37.57230096058552
2018-02-01,171526565801.7846 ,37.184935400150245
2018-01-31,169354736536.84045,37.67778652550571
2018-01-30,188243195069.7838 ,37.2398354773642
2018-01-29,197382899063.75418,37.24211294739147
2018-01-28,192435276376.6753 ,38.07407044703317
2018-01-27,186689136853.20627,38.22695218115862
2018-01-26,187885864298.09335,38.130428581506195
2018-01-25,191886006376.21753,38.382582451063186
2018-01-24,182703628254.23047,38.596584638557445
2018-01-23,181983586511.72256,38.42022315644057
2018-01-22,194119374726.12778,38.63426691603463
2018-01-21,214700545731.14368,38.189661382230625
2018-01-20,194531349032.67105,38.121288941966064
2018-01-19,188610193587.82193,38.0824377909919
2018-01-18,187396755506.3266 ,38.44915171198062
2018-01-17,190380842242.55087,39.43490316772701
2018-01-16,228556298909.5134 ,37.6569853565935
2018-01-15,229211466476.47327,36.60672170183897
2018-01-14,238966121657.46692,36.398889526469624
2018-01-13,232573510244.77805,36.855678858640545
2018-01-12,224152168896.77026,38.373220968515554
2018-01-11,250687455544.76187,38.60139185255255
2018-01-10,243531758659.96094,38.050935331962116
2018-01-09,252403217357.94385,39.1618413451878
2018-01-08,271797927504.42462,39.71366325282205
2018-01-07,288648769447.8245 ,42.249464517858094
2018-01-06,285546613979.2846 ,43.472798665693894
2018-01-05,255599777463.12177,40.501558813622445
2018-01-04,254418390458.0377 ,40.381058339116414
2018-01-03,248628653678.49408,42.99424085919983
2018-01-02,226297877971.72067,43.02807804148785
2018-01-01,232583598353.26154,44.50803858815825
2017-12-31,211252637374.76978,44.18864167696192
2017-12-30,242259043667.54144,45.66271907835468
2017-12-29,242461895477.4038 ,47.83652272612314
2017-12-28,259478388547.02475,48.94181270716455
2017-12-27,264397606268.6402 ,48.85020498986534
2017-12-26,232840980107.85403,46.693418231002724
2017-12-25,233848872915.88913,47.39267965831905
2017-12-24,244363582846.96796,47.87445648701466
2017-12-23,231838882767.15665,49.00510523594011
2017-12-22,260990109978.90503,47.1730094339086
2017-12-21,276502218988.08203,48.20466886326415
2017-12-20,295402895806.70233,51.523594038554535
2017-12-19,317775088325.9562 ,54.875564330883755
2017-12-18,320595483819.7022 ,57.864417810071394
2017-12-17,325095210375.2767 ,59.82777339256351
2017-12-16,295285283499.4312 ,58.84049549190216
2017-12-15,276194121751.5587 ,56.70062089397218
2017-12-14,272661603761.04144,58.695697821037
2017-12-13,286108585274.10767,60.452091742951225
2017-12-12,280528384704.03107,64.51217380905534
2017-12-11,251627615098.16705,65.12680283564062
2017-12-10,251140869667.48114,63.493449065545725
2017-12-09,268112022930.88672,65.03002758681694
2017-12-08,293183348110.2993 ,69.39877518320942
2017-12-07,229707126748.89142,63.19847560583762
2017-12-06,194963810060.51657,58.45339048380185
2017-12-05,194287216602.54108,58.297508508611436
2017-12-04,187420721974.19498,58.67360871997632
2017-12-03,182025283427.2748 ,58.880308941669064
2017-12-02,181679894623.61847,58.40080240203634
2017-12-01,166254547430.7287 ,58.4350030458744
2017-11-30,163867173138.8405 ,58.80346046482169
2017-11-29,165305054372.72437,56.25770543688194
2017-11-28,162512734831.97305,56.26356834309904
2017-11-27,155341239981.39053,55.34134972779498
2017-11-26,146138244635.3247 ,54.76063779163479
2017-11-25,136700796496.60017,54.59769964170492
2017-11-24,133582700964.78712,55.55235252733433
2017-11-23,137564460271.0118 ,58.014801522162664
2017-11-22,135240507168.95958,59.281698205410436
2017-11-21,137555654946.09857,58.94686095849239
2017-11-20,134277007776.26419,59.39717794844548
2017-11-19,129781314245.96124,58.62907659229714
2017-11-18,128228078395.88023,59.483895286850085
2017-11-17,130863084728.37073,61.42777901285255
2017-11-16,121447103654.84744,58.39445095437528
2017-11-15,110222313821.34195,55.909636948920834
2017-11-14,108681266244.28699,56.04717676295104
2017-11-13,97374213138.48866 ,53.89062723925915
2017-11-12,105535640889.55984,55.56828154489706
2017-11-11,109323234160.75656,59.097138814072174
2017-11-10,118973293817.31317,61.235759344011974
2017-11-09,124264961587.96404,63.37172836441486
2017-11-08,118590007410.7205 ,63.93474486983603
2017-11-07,116057053655.74191,63.655013474043834
2017-11-06,122923477355.0622 ,65.03887530418491
2017-11-05,123002470134.30315,64.9228143609174
2017-11-04,119187101631.54492,63.913807252686134
2017-11-03,117148324912.73355,64.94302403212393
2017-11-02,112449701388.49268,64.00332670093752
2017-11-01,107400825363.30351,62.59406497111712
2017-10-31,102093341777.03352,60.93003649835493
2017-10-30,102354726204.61784,61.208166627472224
2017-10-29,95435672022.34985 ,60.49321075272542
2017-10-28,96061740861.32152 ,60.65909963874647
2017-10-27,98094829774.56631 ,61.67184063151907
2017-10-26,95506653831.54279 ,61.09330808314765
2017-10-25,91838030620.3372  ,60.17574847263067
2017-10-24,98345728689.61049 ,63.15511081446819
2017-10-23,99610035326.32768 ,62.6103453765908
2017-10-22,100045945099.71661,62.48952340976476
2017-10-21,99603126737.64214 ,62.17210253886279
2017-10-20,94819601499.99895 ,60.435567046320294
2017-10-19,92691087579.8893  ,59.55281095078296
2017-10-18,93128525417.968   ,59.21589783678626
2017-10-17,95690608002.42723 ,59.33796510497258
2017-10-16,94765165163.80057 ,59.18018227649245
2017-10-15,96765396675.72896 ,59.62857091104351
2017-10-14,93691040265.31686 ,58.980440870324294
2017-10-13,90376278052.64392 ,59.6776377570889
2017-10-12,80117165438.94833 ,56.453233794697795
2017-10-11,79168549987.78218 ,56.58229666720717
2017-10-10,79316693255.76201 ,57.08711264410635
2017-10-09,76540312531.72972 ,54.955409039768185
2017-10-08,73561598919.22455 ,53.47808412205159
2017-10-07,72577566478.18983 ,53.35397190383588
2017-10-06,71667784331.75018 ,53.60457287646034
2017-10-05,69997780153.55331 ,53.41848791083018
2017-10-04,71577678354.41867 ,53.443306349576694
2017-10-03,72958167796.6687  ,53.358827157799205
2017-10-02,72934419835.14645 ,52.75502037261066
2017-10-01,72307529650.65208 ,52.381317735745995
2017-09-30,69135423427.58481 ,52.071506390849805
2017-09-29,69527502895.51056 ,51.372463512020765
2017-09-28,69789174876.43228 ,51.05235744177247
2017-09-27,64448749792.73397 ,50.86747151856128
2017-09-26,65144628119.12881 ,50.89539103063043
2017-09-25,60781267306.12042 ,50.729852483316925
2017-09-24,62748953191.24319 ,50.99478313236785
2017-09-23,59813130644.99036 ,51.485454240593
2017-09-22,59833086051.25174 ,51.90881977241204
2017-09-21,64198627754.33389 ,51.13520087767606
2017-09-20,64685272305.71835 ,50.95713491720689
2017-09-19,67893417501.55583 ,51.16458491471262
2017-09-18,60921930959.639786,51.547435457496675
2017-09-17,61290677289.69357 ,51.82955581160241
2017-09-16,61519767364.07014 ,51.735429709980416
2017-09-15,53670245935.70147 ,51.92361344192006
2017-09-14,63908894945.48556 ,50.48910309838316
2017-09-13,68914494329.00417 ,50.64152945391883
2017-09-12,69744381479.56134 ,50.59689089926831
2017-09-11,70278344190.55788 ,50.80758576839227
2017-09-10,71561771405.7928  ,50.54814939590163
2017-09-09,71708978506.65784 ,50.241755509306444
2017-09-08,76704829963.3542  ,49.59155077703272
2017-09-07,76230235409.33252 ,49.51368471755518
2017-09-06,72960360255.16187 ,50.4604724389688
2017-09-05,70971966233.97302 ,51.22090731782745
2017-09-04,76418192148.80367 ,49.20659222040304
2017-09-03,75946902932.07193 ,49.49486256052329
2017-09-02,81455593064.43744 ,48.566892730939536
2017-09-01,78321150083.26651 ,48.427771956128005
2017-08-31,75699961220.63681 ,48.43077679890056
2017-08-30,75890737380.0047  ,49.30475288852206
2017-08-29,72473817476.41501 ,48.55981934678665
2017-08-28,71703051408.8481  ,48.536131815551165
2017-08-27,71807826012.58582 ,49.234148473048
2017-08-26,71993709430.29085 ,41.37340689482448
